epoch (ms),time (03:00),elapsed (s),x-axis (g),y-axis (g),z-axis (g)
1751285206041,2025-06-30T15:06:46.041,0.000,-0.401,0.092,0.912
1751285206051,2025-06-30T15:06:46.051,0.010,-0.434,0.134,0.975
1751285206062,2025-06-30T15:06:46.062,0.021,-0.453,0.178,1.024
1751285206070,2025-06-30T15:06:46.070,0.029,-0.502,0.214,1.073
1751285206081,2025-06-30T15:06:46.081,0.040,-0.554,0.231,1.107
1751285206091,2025-06-30T15:06:46.091,0.050,-0.575,0.256,1.151
1751285206101,2025-06-30T15:06:46.101,0.060,-0.542,0.292,1.214
1751285206110,2025-06-30T15:06:46.110,0.069,-0.518,0.310,1.283
1751285206120,2025-06-30T15:06:46.120,0.079,-0.501,0.331,1.349
1751285206130,2025-06-30T15:06:46.130,0.089,-0.473,0.358,1.373
1751285206141,2025-06-30T15:06:46.141,0.100,-0.448,0.373,1.397
1751285206151,2025-06-30T15:06:46.151,0.110,-0.411,0.368,1.435
1751285206160,2025-06-30T15:06:46.160,0.119,-0.354,0.355,1.456
1751285206170,2025-06-30T15:06:46.170,0.129,-0.322,0.342,1.482
1751285206180,2025-06-30T15:06:46.180,0.139,-0.287,0.330,1.516
1751285206190,2025-06-30T15:06:46.190,0.149,-0.236,0.313,1.546
1751285206201,2025-06-30T15:06:46.201,0.160,-0.157,0.299,1.565
1751285206209,2025-06-30T15:06:46.209,0.168,-0.070,0.288,1.581
1751285206220,2025-06-30T15:06:46.220,0.179,0.015,0.282,1.593
1751285206230,2025-06-30T15:06:46.230,0.189,0.036,0.282,1.588
1751285206240,2025-06-30T15:06:46.240,0.199,-0.004,0.274,1.550
1751285206250,2025-06-30T15:06:46.250,0.209,-0.051,0.271,1.508
1751285206259,2025-06-30T15:06:46.259,0.218,-0.058,0.258,1.466
1751285206270,2025-06-30T15:06:46.270,0.229,-0.035,0.247,1.430
1751285206280,2025-06-30T15:06:46.280,0.239,0.023,0.238,1.417
1751285206290,2025-06-30T15:06:46.290,0.249,0.087,0.226,1.402
1751285206299,2025-06-30T15:06:46.299,0.258,0.141,0.219,1.387
1751285206309,2025-06-30T15:06:46.309,0.268,0.182,0.214,1.364
1751285206319,2025-06-30T15:06:46.319,0.278,0.212,0.200,1.333
1751285206330,2025-06-30T15:06:46.330,0.289,0.235,0.191,1.305
1751285206340,2025-06-30T15:06:46.340,0.299,0.234,0.181,1.265
1751285206349,2025-06-30T15:06:46.349,0.308,0.223,0.163,1.233
1751285206359,2025-06-30T15:06:46.359,0.318,0.213,0.150,1.196
1751285206369,2025-06-30T15:06:46.369,0.328,0.204,0.138,1.167
1751285206379,2025-06-30T15:06:46.379,0.338,0.187,0.121,1.133
1751285206390,2025-06-30T15:06:46.390,0.349,0.175,0.104,1.090
1751285206398,2025-06-30T15:06:46.398,0.357,0.181,0.085,1.060
1751285206409,2025-06-30T15:06:46.409,0.368,0.188,0.066,1.030
1751285206419,2025-06-30T15:06:46.419,0.378,0.188,0.053,0.988
1751285206429,2025-06-30T15:06:46.429,0.388,0.165,0.041,0.943
1751285206439,2025-06-30T15:06:46.439,0.398,0.139,0.028,0.897
1751285206448,2025-06-30T15:06:46.448,0.407,0.130,0.009,0.863
1751285206458,2025-06-30T15:06:46.458,0.417,0.122,-0.002,0.836
1751285206469,2025-06-30T15:06:46.469,0.428,0.102,-0.009,0.801
1751285206479,2025-06-30T15:06:46.479,0.438,0.082,-0.017,0.776
1751285206488,2025-06-30T15:06:46.488,0.447,0.051,-0.024,0.735
1751285206498,2025-06-30T15:06:46.498,0.457,0.026,-0.044,0.703
1751285206508,2025-06-30T15:06:46.508,0.467,-0.012,-0.055,0.701
1751285206519,2025-06-30T15:06:46.519,0.478,-0.088,-0.069,0.684
1751285206529,2025-06-30T15:06:46.529,0.488,-0.168,-0.100,0.661
1751285206538,2025-06-30T15:06:46.538,0.497,-0.231,-0.137,0.648
1751285206548,2025-06-30T15:06:46.548,0.507,-0.274,-0.157,0.649
1751285206558,2025-06-30T15:06:46.558,0.517,-0.280,-0.170,0.695
1751285206568,2025-06-30T15:06:46.568,0.527,-0.284,-0.169,0.752
1751285206579,2025-06-30T15:06:46.579,0.538,-0.300,-0.163,0.766
1751285206587,2025-06-30T15:06:46.587,0.546,-0.289,-0.148,0.779
1751285206598,2025-06-30T15:06:46.598,0.557,-0.258,-0.121,0.795
1751285206608,2025-06-30T15:06:46.608,0.567,-0.239,-0.086,0.800
1751285206618,2025-06-30T15:06:46.618,0.577,-0.218,-0.058,0.809
1751285206628,2025-06-30T15:06:46.628,0.587,-0.221,-0.039,0.822
1751285206637,2025-06-30T15:06:46.637,0.596,-0.269,-0.026,0.834
1751285206647,2025-06-30T15:06:46.647,0.606,-0.321,-0.011,0.849
1751285206658,2025-06-30T15:06:46.658,0.617,-0.340,0.001,0.856
1751285206668,2025-06-30T15:06:46.668,0.627,-0.335,0.014,0.872
1751285206677,2025-06-30T15:06:46.677,0.636,-0.342,0.013,0.894
1751285206687,2025-06-30T15:06:46.687,0.646,-0.355,0.008,0.912
1751285206697,2025-06-30T15:06:46.697,0.656,-0.350,-0.002,0.925
1751285206708,2025-06-30T15:06:46.708,0.667,-0.347,-0.013,0.930
1751285206718,2025-06-30T15:06:46.718,0.677,-0.337,-0.031,0.941
1751285206727,2025-06-30T15:06:46.727,0.686,-0.307,-0.044,0.954
1751285206737,2025-06-30T15:06:46.737,0.696,-0.284,-0.048,0.970
1751285206747,2025-06-30T15:06:46.747,0.706,-0.270,-0.054,0.985
1751285206757,2025-06-30T15:06:46.757,0.716,-0.255,-0.060,0.979
1751285206768,2025-06-30T15:06:46.768,0.727,-0.247,-0.062,0.963
1751285206776,2025-06-30T15:06:46.776,0.735,-0.246,-0.069,0.960
1751285206787,2025-06-30T15:06:46.787,0.746,-0.241,-0.079,0.960
1751285206797,2025-06-30T15:06:46.797,0.756,-0.225,-0.078,0.951
1751285206807,2025-06-30T15:06:46.807,0.766,-0.238,-0.071,0.932
1751285206817,2025-06-30T15:06:46.817,0.776,-0.262,-0.068,0.910
1751285206826,2025-06-30T15:06:46.826,0.785,-0.263,-0.071,0.894
1751285206836,2025-06-30T15:06:46.836,0.795,-0.267,-0.072,0.878
1751285206847,2025-06-30T15:06:46.847,0.806,-0.259,-0.074,0.867
1751285206857,2025-06-30T15:06:46.857,0.816,-0.229,-0.078,0.860
1751285206866,2025-06-30T15:06:46.866,0.825,-0.198,-0.079,0.857
1751285206876,2025-06-30T15:06:46.876,0.835,-0.181,-0.082,0.853
1751285206886,2025-06-30T15:06:46.886,0.845,-0.161,-0.081,0.843
1751285206896,2025-06-30T15:06:46.896,0.855,-0.150,-0.075,0.833
1751285206907,2025-06-30T15:06:46.907,0.866,-0.156,-0.066,0.819
1751285206916,2025-06-30T15:06:46.916,0.875,-0.166,-0.055,0.804
1751285206926,2025-06-30T15:06:46.926,0.885,-0.181,-0.050,0.785
1751285206936,2025-06-30T15:06:46.936,0.895,-0.189,-0.037,0.759
1751285206946,2025-06-30T15:06:46.946,0.905,-0.212,-0.021,0.747
1751285206957,2025-06-30T15:06:46.957,0.916,-0.245,-0.012,0.733
1751285206965,2025-06-30T15:06:46.965,0.924,-0.253,-0.010,0.728
1751285206976,2025-06-30T15:06:46.976,0.935,-0.252,-0.006,0.724
1751285206986,2025-06-30T15:06:46.986,0.945,-0.248,0.002,0.721
1751285206996,2025-06-30T15:06:46.996,0.955,-0.265,0.006,0.730
1751285207006,2025-06-30T15:06:47.006,0.965,-0.269,0.015,0.754
1751285207015,2025-06-30T15:06:47.015,0.974,-0.269,0.028,0.789
1751285207025,2025-06-30T15:06:47.025,0.984,-0.285,0.048,0.817
1751285207036,2025-06-30T15:06:47.036,0.995,-0.316,0.070,0.841
1751285207046,2025-06-30T15:06:47.046,1.005,-0.388,0.098,0.844
1751285207055,2025-06-30T15:06:47.055,1.014,-0.464,0.121,0.854
1751285207065,2025-06-30T15:06:47.065,1.024,-0.470,0.144,0.881
1751285207075,2025-06-30T15:06:47.075,1.034,-0.446,0.167,0.914
1751285207085,2025-06-30T15:06:47.085,1.044,-0.416,0.185,0.952
1751285207096,2025-06-30T15:06:47.096,1.055,-0.356,0.206,0.983
1751285207104,2025-06-30T15:06:47.104,1.063,-0.309,0.234,1.017
1751285207115,2025-06-30T15:06:47.115,1.074,-0.315,0.254,1.073
1751285207125,2025-06-30T15:06:47.125,1.084,-0.335,0.268,1.111
1751285207135,2025-06-30T15:06:47.135,1.094,-0.355,0.290,1.147
1751285207145,2025-06-30T15:06:47.145,1.104,-0.397,0.306,1.181
1751285207154,2025-06-30T15:06:47.154,1.113,-0.474,0.319,1.224
1751285207165,2025-06-30T15:06:47.165,1.124,-0.504,0.322,1.266
1751285207175,2025-06-30T15:06:47.175,1.134,-0.456,0.320,1.312
1751285207185,2025-06-30T15:06:47.185,1.144,-0.379,0.317,1.342
1751285207195,2025-06-30T15:06:47.195,1.154,-0.323,0.321,1.347
1751285207204,2025-06-30T15:06:47.204,1.163,-0.295,0.313,1.360
1751285207214,2025-06-30T15:06:47.214,1.173,-0.276,0.295,1.375
1751285207225,2025-06-30T15:06:47.225,1.184,-0.254,0.290,1.382
1751285207235,2025-06-30T15:06:47.235,1.194,-0.245,0.288,1.371
1751285207244,2025-06-30T15:06:47.244,1.203,-0.241,0.282,1.359
1751285207254,2025-06-30T15:06:47.254,1.213,-0.244,0.276,1.352
1751285207264,2025-06-30T15:06:47.264,1.223,-0.229,0.277,1.355
1751285207274,2025-06-30T15:06:47.274,1.233,-0.209,0.287,1.358
1751285207285,2025-06-30T15:06:47.285,1.244,-0.187,0.280,1.360
1751285207293,2025-06-30T15:06:47.293,1.252,-0.156,0.278,1.355
1751285207304,2025-06-30T15:06:47.304,1.263,-0.123,0.278,1.347
1751285207314,2025-06-30T15:06:47.314,1.273,-0.099,0.276,1.340
1751285207324,2025-06-30T15:06:47.324,1.283,-0.076,0.273,1.335
1751285207334,2025-06-30T15:06:47.334,1.293,-0.042,0.263,1.316
1751285207343,2025-06-30T15:06:47.343,1.302,-0.016,0.253,1.297
1751285207354,2025-06-30T15:06:47.354,1.313,0.020,0.241,1.277
1751285207364,2025-06-30T15:06:47.364,1.323,0.048,0.227,1.264
1751285207374,2025-06-30T15:06:47.374,1.333,0.066,0.211,1.256
1751285207384,2025-06-30T15:06:47.384,1.343,0.090,0.197,1.253
1751285207393,2025-06-30T15:06:47.393,1.352,0.123,0.183,1.250
1751285207403,2025-06-30T15:06:47.403,1.362,0.151,0.167,1.237
1751285207414,2025-06-30T15:06:47.414,1.373,0.166,0.150,1.219
1751285207424,2025-06-30T15:06:47.424,1.383,0.178,0.138,1.205
1751285207434,2025-06-30T15:06:47.434,1.393,0.190,0.127,1.187
1751285207443,2025-06-30T15:06:47.443,1.402,0.208,0.125,1.165
1751285207453,2025-06-30T15:06:47.453,1.412,0.218,0.112,1.146
1751285207463,2025-06-30T15:06:47.463,1.422,0.223,0.090,1.131
1751285207474,2025-06-30T15:06:47.474,1.433,0.216,0.072,1.110
1751285207482,2025-06-30T15:06:47.482,1.441,0.203,0.055,1.076
1751285207493,2025-06-30T15:06:47.493,1.452,0.184,0.042,1.031
1751285207503,2025-06-30T15:06:47.503,1.462,0.168,0.035,0.988
1751285207513,2025-06-30T15:06:47.513,1.472,0.164,0.024,0.945
1751285207523,2025-06-30T15:06:47.523,1.482,0.148,0.013,0.897
1751285207532,2025-06-30T15:06:47.532,1.491,0.132,0.007,0.862
1751285207542,2025-06-30T15:06:47.542,1.501,0.109,-0.005,0.824
1751285207553,2025-06-30T15:06:47.553,1.512,0.083,-0.017,0.780
1751285207563,2025-06-30T15:06:47.563,1.522,0.059,-0.024,0.739
1751285207573,2025-06-30T15:06:47.573,1.532,0.015,-0.037,0.718
1751285207582,2025-06-30T15:06:47.582,1.541,-0.056,-0.057,0.681
1751285207592,2025-06-30T15:06:47.592,1.551,-0.104,-0.088,0.664
1751285207603,2025-06-30T15:06:47.603,1.562,-0.122,-0.114,0.687
1751285207613,2025-06-30T15:06:47.613,1.572,-0.164,-0.130,0.708
1751285207623,2025-06-30T15:06:47.623,1.582,-0.202,-0.144,0.729
1751285207632,2025-06-30T15:06:47.632,1.591,-0.238,-0.145,0.744
1751285207642,2025-06-30T15:06:47.642,1.601,-0.273,-0.140,0.734
1751285207652,2025-06-30T15:06:47.652,1.611,-0.304,-0.126,0.732
1751285207663,2025-06-30T15:06:47.663,1.622,-0.319,-0.091,0.732
1751285207671,2025-06-30T15:06:47.671,1.630,-0.335,-0.063,0.727
1751285207682,2025-06-30T15:06:47.682,1.641,-0.356,-0.042,0.730
1751285207692,2025-06-30T15:06:47.692,1.651,-0.404,-0.032,0.749
1751285207702,2025-06-30T15:06:47.702,1.661,-0.435,-0.023,0.774
1751285207712,2025-06-30T15:06:47.712,1.671,-0.415,-0.012,0.813
1751285207721,2025-06-30T15:06:47.721,1.680,-0.399,-0.007,0.840
1751285207731,2025-06-30T15:06:47.731,1.690,-0.402,0.002,0.861
1751285207742,2025-06-30T15:06:47.742,1.701,-0.411,0.012,0.879
1751285207752,2025-06-30T15:06:47.752,1.711,-0.396,0.011,0.898
1751285207762,2025-06-30T15:06:47.762,1.721,-0.354,-0.004,0.921
1751285207771,2025-06-30T15:06:47.771,1.730,-0.320,-0.009,0.938
1751285207781,2025-06-30T15:06:47.781,1.740,-0.301,-0.013,0.945
1751285207791,2025-06-30T15:06:47.791,1.750,-0.287,-0.016,0.948
1751285207802,2025-06-30T15:06:47.802,1.761,-0.277,-0.014,0.949
1751285207812,2025-06-30T15:06:47.812,1.771,-0.274,-0.020,0.950
1751285207821,2025-06-30T15:06:47.821,1.780,-0.278,-0.026,0.948
1751285207831,2025-06-30T15:06:47.831,1.790,-0.299,-0.037,0.947
1751285207841,2025-06-30T15:06:47.841,1.800,-0.307,-0.044,0.943
1751285207852,2025-06-30T15:06:47.852,1.811,-0.314,-0.043,0.942
1751285207860,2025-06-30T15:06:47.860,1.819,-0.319,-0.042,0.941
1751285207871,2025-06-30T15:06:47.871,1.830,-0.303,-0.041,0.930
1751285207881,2025-06-30T15:06:47.881,1.840,-0.281,-0.041,0.922
1751285207891,2025-06-30T15:06:47.891,1.850,-0.261,-0.039,0.914
1751285207901,2025-06-30T15:06:47.901,1.860,-0.248,-0.040,0.898
1751285207910,2025-06-30T15:06:47.910,1.869,-0.246,-0.038,0.874
1751285207920,2025-06-30T15:06:47.920,1.879,-0.239,-0.037,0.846
1751285207931,2025-06-30T15:06:47.931,1.890,-0.225,-0.031,0.820
1751285207941,2025-06-30T15:06:47.941,1.900,-0.199,-0.033,0.788
1751285207951,2025-06-30T15:06:47.951,1.910,-0.167,-0.037,0.750
1751285207960,2025-06-30T15:06:47.960,1.919,-0.132,-0.034,0.720
1751285207970,2025-06-30T15:06:47.970,1.929,-0.097,-0.026,0.688
1751285207980,2025-06-30T15:06:47.980,1.939,-0.085,-0.022,0.645
1751285207991,2025-06-30T15:06:47.991,1.950,-0.118,-0.017,0.635
1751285208001,2025-06-30T15:06:48.001,1.960,-0.173,-0.016,0.637
1751285208010,2025-06-30T15:06:48.010,1.969,-0.207,-0.027,0.632
1751285208020,2025-06-30T15:06:48.020,1.979,-0.231,-0.036,0.631
1751285208030,2025-06-30T15:06:48.030,1.989,-0.281,-0.033,0.630
1751285208041,2025-06-30T15:06:48.041,2.000,-0.315,-0.015,0.640
1751285208049,2025-06-30T15:06:48.049,2.008,-0.317,0.013,0.673
1751285208060,2025-06-30T15:06:48.060,2.019,-0.328,0.046,0.735
1751285208070,2025-06-30T15:06:48.070,2.029,-0.381,0.082,0.799
1751285208080,2025-06-30T15:06:48.080,2.039,-0.428,0.106,0.847
1751285208090,2025-06-30T15:06:48.090,2.049,-0.434,0.134,0.881
1751285208099,2025-06-30T15:06:48.099,2.058,-0.447,0.179,0.901
1751285208109,2025-06-30T15:06:48.109,2.068,-0.489,0.233,0.929
1751285208120,2025-06-30T15:06:48.120,2.079,-0.542,0.283,0.967
1751285208130,2025-06-30T15:06:48.130,2.089,-0.582,0.309,1.019
1751285208140,2025-06-30T15:06:48.140,2.099,-0.578,0.315,1.104
1751285208149,2025-06-30T15:06:48.149,2.108,-0.568,0.333,1.167
1751285208159,2025-06-30T15:06:48.159,2.118,-0.566,0.358,1.190
1751285208169,2025-06-30T15:06:48.169,2.128,-0.591,0.379,1.199
1751285208180,2025-06-30T15:06:48.180,2.139,-0.604,0.396,1.208
1751285208190,2025-06-30T15:06:48.190,2.149,-0.594,0.413,1.225
1751285208199,2025-06-30T15:06:48.199,2.158,-0.576,0.419,1.243
1751285208209,2025-06-30T15:06:48.209,2.168,-0.535,0.422,1.276
1751285208219,2025-06-30T15:06:48.219,2.178,-0.492,0.413,1.308
1751285208229,2025-06-30T15:06:48.229,2.188,-0.455,0.399,1.330
1751285208238,2025-06-30T15:06:48.238,2.197,-0.409,0.387,1.350
1751285208249,2025-06-30T15:06:48.249,2.208,-0.354,0.376,1.364
1751285208259,2025-06-30T15:06:48.259,2.218,-0.315,0.367,1.378
1751285208269,2025-06-30T15:06:48.269,2.228,-0.294,0.363,1.381
1751285208279,2025-06-30T15:06:48.279,2.238,-0.272,0.363,1.382
1751285208288,2025-06-30T15:06:48.288,2.247,-0.250,0.360,1.391
1751285208298,2025-06-30T15:06:48.298,2.257,-0.215,0.346,1.401
1751285208309,2025-06-30T15:06:48.309,2.268,-0.169,0.332,1.408
1751285208319,2025-06-30T15:06:48.319,2.278,-0.108,0.323,1.397
1751285208329,2025-06-30T15:06:48.329,2.288,-0.041,0.310,1.390
1751285208338,2025-06-30T15:06:48.338,2.297,0.014,0.294,1.388
1751285208348,2025-06-30T15:06:48.348,2.307,0.065,0.271,1.375
1751285208358,2025-06-30T15:06:48.358,2.317,0.113,0.262,1.361
1751285208369,2025-06-30T15:06:48.369,2.328,0.159,0.253,1.353
1751285208379,2025-06-30T15:06:48.379,2.338,0.195,0.239,1.348
1751285208388,2025-06-30T15:06:48.388,2.347,0.215,0.226,1.342
1751285208398,2025-06-30T15:06:48.398,2.357,0.215,0.216,1.317
1751285208408,2025-06-30T15:06:48.408,2.367,0.196,0.209,1.282
1751285208418,2025-06-30T15:06:48.418,2.377,0.156,0.208,1.242
1751285208427,2025-06-30T15:06:48.427,2.386,0.119,0.196,1.211
1751285208437,2025-06-30T15:06:48.437,2.396,0.109,0.178,1.179
1751285208448,2025-06-30T15:06:48.448,2.407,0.130,0.155,1.158
1751285208458,2025-06-30T15:06:48.458,2.417,0.130,0.132,1.139
1751285208468,2025-06-30T15:06:48.468,2.427,0.130,0.110,1.111
1751285208477,2025-06-30T15:06:48.477,2.436,0.139,0.086,1.076
1751285208487,2025-06-30T15:06:48.487,2.446,0.146,0.065,1.040
1751285208498,2025-06-30T15:06:48.498,2.457,0.136,0.050,1.001
1751285208508,2025-06-30T15:06:48.508,2.467,0.111,0.038,0.961
1751285208518,2025-06-30T15:06:48.518,2.477,0.097,0.029,0.919
1751285208527,2025-06-30T15:06:48.527,2.486,0.094,0.017,0.894
1751285208537,2025-06-30T15:06:48.537,2.496,0.088,0.005,0.866
1751285208547,2025-06-30T15:06:48.547,2.506,0.083,-0.003,0.840
1751285208558,2025-06-30T15:06:48.558,2.517,0.075,-0.016,0.816
1751285208568,2025-06-30T15:06:48.568,2.527,0.064,-0.018,0.780
1751285208577,2025-06-30T15:06:48.577,2.536,0.050,-0.017,0.748
1751285208587,2025-06-30T15:06:48.587,2.546,0.030,-0.014,0.729
1751285208597,2025-06-30T15:06:48.597,2.556,-0.007,-0.015,0.707
1751285208607,2025-06-30T15:06:48.607,2.566,-0.056,-0.026,0.665
1751285208618,2025-06-30T15:06:48.618,2.577,-0.109,-0.039,0.660
1751285208626,2025-06-30T15:06:48.626,2.585,-0.164,-0.058,0.660
1751285208637,2025-06-30T15:06:48.637,2.596,-0.207,-0.094,0.645
1751285208647,2025-06-30T15:06:48.647,2.606,-0.193,-0.127,0.671
1751285208657,2025-06-30T15:06:48.657,2.616,-0.188,-0.127,0.723
1751285208666,2025-06-30T15:06:48.666,2.625,-0.213,-0.118,0.752
1751285208676,2025-06-30T15:06:48.676,2.635,-0.236,-0.102,0.776
1751285208687,2025-06-30T15:06:48.687,2.646,-0.227,-0.080,0.806
1751285208697,2025-06-30T15:06:48.697,2.656,-0.233,-0.054,0.825
1751285208707,2025-06-30T15:06:48.707,2.666,-0.280,-0.027,0.835
1751285208716,2025-06-30T15:06:48.716,2.675,-0.359,-0.010,0.829
1751285208726,2025-06-30T15:06:48.726,2.685,-0.422,-0.005,0.823
1751285208736,2025-06-30T15:06:48.736,2.695,-0.429,0.014,0.835
1751285208747,2025-06-30T15:06:48.747,2.706,-0.432,0.031,0.866
1751285208757,2025-06-30T15:06:48.757,2.716,-0.455,0.040,0.890
1751285208766,2025-06-30T15:06:48.766,2.725,-0.458,0.040,0.913
1751285208776,2025-06-30T15:06:48.776,2.735,-0.422,0.028,0.943
1751285208786,2025-06-30T15:06:48.786,2.745,-0.374,0.012,0.964
1751285208796,2025-06-30T15:06:48.796,2.755,-0.340,0.008,0.980
1751285208807,2025-06-30T15:06:48.807,2.766,-0.315,0.003,0.992
1751285208815,2025-06-30T15:06:48.815,2.774,-0.292,-0.006,1.000
1751285208826,2025-06-30T15:06:48.826,2.785,-0.287,-0.014,1.003
1751285208836,2025-06-30T15:06:48.836,2.795,-0.291,-0.017,0.998
1751285208846,2025-06-30T15:06:48.846,2.805,-0.280,-0.018,0.994
1751285208855,2025-06-30T15:06:48.855,2.814,-0.268,-0.013,0.994
1751285208865,2025-06-30T15:06:48.865,2.824,-0.265,-0.008,0.989
1751285208875,2025-06-30T15:06:48.875,2.834,-0.268,-0.003,0.978
1751285208886,2025-06-30T15:06:48.886,2.845,-0.269,-0.005,0.967
1751285208896,2025-06-30T15:06:48.896,2.855,-0.268,-0.005,0.960
1751285208905,2025-06-30T15:06:48.905,2.864,-0.267,-0.006,0.959
1751285208915,2025-06-30T15:06:48.915,2.874,-0.260,-0.007,0.954
1751285208925,2025-06-30T15:06:48.925,2.884,-0.261,-0.008,0.940
1751285208936,2025-06-30T15:06:48.936,2.895,-0.253,-0.010,0.926
1751285208946,2025-06-30T15:06:48.946,2.905,-0.244,-0.006,0.908
1751285208955,2025-06-30T15:06:48.955,2.914,-0.250,-0.002,0.881
1751285208965,2025-06-30T15:06:48.965,2.924,-0.246,-0.008,0.853
1751285208975,2025-06-30T15:06:48.975,2.934,-0.240,-0.011,0.834
1751285208985,2025-06-30T15:06:48.985,2.944,-0.227,-0.014,0.813
1751285208996,2025-06-30T15:06:48.996,2.955,-0.210,-0.011,0.787
1751285209004,2025-06-30T15:06:49.004,2.963,-0.207,-0.007,0.768
1751285209015,2025-06-30T15:06:49.015,2.974,-0.207,-0.004,0.748
1751285209025,2025-06-30T15:06:49.025,2.984,-0.202,0.001,0.729
1751285209035,2025-06-30T15:06:49.035,2.994,-0.200,-0.001,0.727
1751285209044,2025-06-30T15:06:49.044,3.003,-0.200,-0.006,0.716
1751285209054,2025-06-30T15:06:49.054,3.013,-0.201,-0.001,0.695
1751285209064,2025-06-30T15:06:49.064,3.023,-0.206,-0.002,0.704
1751285209075,2025-06-30T15:06:49.075,3.034,-0.222,0.004,0.716
1751285209085,2025-06-30T15:06:49.085,3.044,-0.246,0.025,0.727
1751285209094,2025-06-30T15:06:49.094,3.053,-0.282,0.042,0.749
1751285209104,2025-06-30T15:06:49.104,3.063,-0.317,0.062,0.759
1751285209114,2025-06-30T15:06:49.114,3.073,-0.353,0.083,0.784
1751285209124,2025-06-30T15:06:49.124,3.083,-0.360,0.086,0.817
1751285209135,2025-06-30T15:06:49.135,3.094,-0.344,0.102,0.862
1751285209144,2025-06-30T15:06:49.144,3.103,-0.347,0.135,0.908
1751285209154,2025-06-30T15:06:49.154,3.113,-0.368,0.171,0.945
1751285209164,2025-06-30T15:06:49.164,3.123,-0.416,0.199,0.954
1751285209174,2025-06-30T15:06:49.174,3.133,-0.438,0.222,0.979
1751285209185,2025-06-30T15:06:49.185,3.144,-0.430,0.239,1.028
1751285209193,2025-06-30T15:06:49.193,3.152,-0.418,0.235,1.077
1751285209204,2025-06-30T15:06:49.204,3.163,-0.396,0.245,1.114
1751285209214,2025-06-30T15:06:49.214,3.173,-0.387,0.261,1.143
1751285209224,2025-06-30T15:06:49.224,3.183,-0.375,0.277,1.169
1751285209234,2025-06-30T15:06:49.234,3.193,-0.365,0.291,1.187
1751285209243,2025-06-30T15:06:49.243,3.202,-0.335,0.300,1.220
1751285209253,2025-06-30T15:06:49.253,3.212,-0.295,0.301,1.266
1751285209264,2025-06-30T15:06:49.264,3.223,-0.291,0.300,1.297
1751285209274,2025-06-30T15:06:49.274,3.233,-0.320,0.304,1.312
1751285209283,2025-06-30T15:06:49.283,3.242,-0.343,0.302,1.317
1751285209293,2025-06-30T15:06:49.293,3.252,-0.326,0.299,1.333
1751285209303,2025-06-30T15:06:49.303,3.262,-0.291,0.305,1.360
1751285209313,2025-06-30T15:06:49.313,3.272,-0.256,0.304,1.392
1751285209324,2025-06-30T15:06:49.324,3.283,-0.219,0.303,1.417
1751285209333,2025-06-30T15:06:49.333,3.292,-0.188,0.301,1.423
1751285209343,2025-06-30T15:06:49.343,3.302,-0.156,0.296,1.432
1751285209353,2025-06-30T15:06:49.353,3.312,-0.122,0.295,1.435
1751285209363,2025-06-30T15:06:49.363,3.322,-0.081,0.291,1.433
1751285209374,2025-06-30T15:06:49.374,3.333,-0.057,0.292,1.421
1751285209382,2025-06-30T15:06:49.382,3.341,-0.040,0.292,1.404
1751285209393,2025-06-30T15:06:49.393,3.352,-0.027,0.272,1.382
1751285209403,2025-06-30T15:06:49.403,3.362,0.011,0.261,1.376
1751285209413,2025-06-30T15:06:49.413,3.372,0.061,0.246,1.356
1751285209423,2025-06-30T15:06:49.423,3.382,0.111,0.224,1.335
1751285209432,2025-06-30T15:06:49.432,3.391,0.160,0.219,1.322
1751285209442,2025-06-30T15:06:49.442,3.401,0.202,0.213,1.307
1751285209453,2025-06-30T15:06:49.453,3.412,0.235,0.196,1.272
1751285209463,2025-06-30T15:06:49.463,3.422,0.243,0.178,1.243
1751285209472,2025-06-30T15:06:49.472,3.431,0.232,0.152,1.221
1751285209482,2025-06-30T15:06:49.482,3.441,0.225,0.128,1.187
1751285209492,2025-06-30T15:06:49.492,3.451,0.234,0.112,1.153
1751285209502,2025-06-30T15:06:49.502,3.461,0.243,0.107,1.125
1751285209513,2025-06-30T15:06:49.513,3.472,0.250,0.095,1.091
1751285209521,2025-06-30T15:06:49.521,3.480,0.257,0.083,1.058
1751285209532,2025-06-30T15:06:49.532,3.491,0.245,0.064,1.034
1751285209542,2025-06-30T15:06:49.542,3.501,0.231,0.047,0.994
1751285209552,2025-06-30T15:06:49.552,3.511,0.217,0.037,0.959
1751285209562,2025-06-30T15:06:49.562,3.521,0.202,0.028,0.928
1751285209571,2025-06-30T15:06:49.571,3.530,0.190,0.011,0.890
1751285209582,2025-06-30T15:06:49.582,3.541,0.173,-0.007,0.865
1751285209592,2025-06-30T15:06:49.592,3.551,0.163,-0.019,0.849
1751285209602,2025-06-30T15:06:49.602,3.561,0.146,-0.027,0.825
1751285209612,2025-06-30T15:06:49.612,3.571,0.100,-0.034,0.807
1751285209621,2025-06-30T15:06:49.621,3.580,0.057,-0.035,0.787
1751285209631,2025-06-30T15:06:49.631,3.590,0.005,-0.034,0.750
1751285209642,2025-06-30T15:06:49.642,3.601,-0.069,-0.038,0.720
1751285209652,2025-06-30T15:06:49.652,3.611,-0.128,-0.061,0.719
1751285209661,2025-06-30T15:06:49.661,3.620,-0.148,-0.095,0.739
1751285209671,2025-06-30T15:06:49.671,3.630,-0.151,-0.115,0.786
1751285209681,2025-06-30T15:06:49.681,3.640,-0.174,-0.115,0.817
1751285209691,2025-06-30T15:06:49.691,3.650,-0.197,-0.104,0.826
1751285209702,2025-06-30T15:06:49.702,3.661,-0.226,-0.093,0.823
1751285209710,2025-06-30T15:06:49.710,3.669,-0.244,-0.077,0.821
1751285209721,2025-06-30T15:06:49.721,3.680,-0.240,-0.047,0.812
1751285209731,2025-06-30T15:06:49.731,3.690,-0.269,-0.021,0.809
1751285209741,2025-06-30T15:06:49.741,3.700,-0.318,-0.005,0.820
1751285209751,2025-06-30T15:06:49.751,3.710,-0.351,0.009,0.826
1751285209760,2025-06-30T15:06:49.760,3.719,-0.354,0.020,0.841
1751285209770,2025-06-30T15:06:49.770,3.729,-0.368,0.024,0.857
1751285209781,2025-06-30T15:06:49.781,3.740,-0.361,0.023,0.873
1751285209791,2025-06-30T15:06:49.791,3.750,-0.317,0.023,0.889
1751285209801,2025-06-30T15:06:49.801,3.760,-0.292,0.026,0.896
1751285209810,2025-06-30T15:06:49.810,3.769,-0.318,0.029,0.892
1751285209820,2025-06-30T15:06:49.820,3.779,-0.330,0.011,0.896
1751285209831,2025-06-30T15:06:49.831,3.790,-0.313,-0.010,0.908
1751285209841,2025-06-30T15:06:49.841,3.800,-0.292,-0.021,0.919
1751285209851,2025-06-30T15:06:49.851,3.810,-0.269,-0.031,0.938
1751285209860,2025-06-30T15:06:49.860,3.819,-0.250,-0.041,0.943
1751285209870,2025-06-30T15:06:49.870,3.829,-0.250,-0.033,0.940
1751285209880,2025-06-30T15:06:49.880,3.839,-0.243,-0.028,0.937
1751285209891,2025-06-30T15:06:49.891,3.850,-0.228,-0.032,0.941
1751285209899,2025-06-30T15:06:49.899,3.858,-0.229,-0.033,0.937
1751285209910,2025-06-30T15:06:49.910,3.869,-0.240,-0.031,0.925
1751285209920,2025-06-30T15:06:49.920,3.879,-0.248,-0.030,0.908
1751285209930,2025-06-30T15:06:49.930,3.889,-0.253,-0.027,0.890
1751285209940,2025-06-30T15:06:49.940,3.899,-0.251,-0.031,0.871
1751285209949,2025-06-30T15:06:49.949,3.908,-0.225,-0.036,0.852
1751285209959,2025-06-30T15:06:49.959,3.918,-0.198,-0.041,0.835
1751285209970,2025-06-30T15:06:49.970,3.929,-0.176,-0.053,0.823
1751285209980,2025-06-30T15:06:49.980,3.939,-0.164,-0.055,0.807
1751285209990,2025-06-30T15:06:49.990,3.949,-0.161,-0.056,0.793
1751285209999,2025-06-30T15:06:49.999,3.958,-0.157,-0.057,0.773
1751285210009,2025-06-30T15:06:50.009,3.968,-0.149,-0.055,0.762
1751285210020,2025-06-30T15:06:50.020,3.979,-0.153,-0.052,0.761
1751285210030,2025-06-30T15:06:50.030,3.989,-0.164,-0.049,0.745
1751285210040,2025-06-30T15:06:50.040,3.999,-0.168,-0.042,0.739
1751285210049,2025-06-30T15:06:50.049,4.008,-0.186,-0.040,0.751
1751285210059,2025-06-30T15:06:50.059,4.018,-0.207,-0.036,0.776
1751285210069,2025-06-30T15:06:50.069,4.028,-0.225,-0.024,0.787
1751285210080,2025-06-30T15:06:50.080,4.039,-0.238,-0.005,0.795
1751285210088,2025-06-30T15:06:50.088,4.047,-0.250,0.017,0.812
1751285210099,2025-06-30T15:06:50.099,4.058,-0.275,0.042,0.822
1751285210109,2025-06-30T15:06:50.109,4.068,-0.334,0.065,0.833
1751285210119,2025-06-30T15:06:50.119,4.078,-0.355,0.073,0.833
1751285210129,2025-06-30T15:06:50.129,4.088,-0.344,0.084,0.844
1751285210138,2025-06-30T15:06:50.138,4.097,-0.355,0.109,0.867
1751285210148,2025-06-30T15:06:50.148,4.107,-0.356,0.125,0.895
1751285210159,2025-06-30T15:06:50.159,4.118,-0.346,0.125,0.931
1751285210169,2025-06-30T15:06:50.169,4.128,-0.336,0.132,0.954
1751285210179,2025-06-30T15:06:50.179,4.138,-0.327,0.146,0.983
1751285210188,2025-06-30T15:06:50.188,4.147,-0.321,0.169,1.012
1751285210198,2025-06-30T15:06:50.198,4.157,-0.325,0.196,1.041
1751285210208,2025-06-30T15:06:50.208,4.167,-0.359,0.215,1.056
1751285210219,2025-06-30T15:06:50.219,4.178,-0.391,0.226,1.059
1751285210229,2025-06-30T15:06:50.229,4.188,-0.392,0.232,1.079
1751285210238,2025-06-30T15:06:50.238,4.197,-0.406,0.246,1.100
1751285210248,2025-06-30T15:06:50.248,4.207,-0.409,0.250,1.118
1751285210258,2025-06-30T15:06:50.258,4.217,-0.379,0.259,1.152
1751285210269,2025-06-30T15:06:50.269,4.228,-0.359,0.268,1.182
1751285210277,2025-06-30T15:06:50.277,4.236,-0.336,0.268,1.210
1751285210288,2025-06-30T15:06:50.288,4.247,-0.308,0.272,1.233
1751285210298,2025-06-30T15:06:50.298,4.257,-0.292,0.280,1.243
1751285210308,2025-06-30T15:06:50.308,4.267,-0.290,0.292,1.255
1751285210318,2025-06-30T15:06:50.318,4.277,-0.292,0.303,1.249
1751285210327,2025-06-30T15:06:50.327,4.286,-0.297,0.310,1.239
1751285210337,2025-06-30T15:06:50.337,4.296,-0.303,0.311,1.229
1751285210348,2025-06-30T15:06:50.348,4.307,-0.293,0.310,1.235
1751285210358,2025-06-30T15:06:50.358,4.317,-0.259,0.302,1.244
1751285210368,2025-06-30T15:06:50.368,4.327,-0.209,0.295,1.273
1751285210377,2025-06-30T15:06:50.377,4.336,-0.173,0.286,1.292
1751285210387,2025-06-30T15:06:50.387,4.346,-0.154,0.274,1.314
1751285210397,2025-06-30T15:06:50.397,4.356,-0.135,0.266,1.335
1751285210408,2025-06-30T15:06:50.408,4.367,-0.138,0.276,1.342
1751285210418,2025-06-30T15:06:50.418,4.377,-0.167,0.280,1.335
1751285210427,2025-06-30T15:06:50.427,4.386,-0.179,0.272,1.320
1751285210437,2025-06-30T15:06:50.437,4.396,-0.169,0.270,1.308
1751285210447,2025-06-30T15:06:50.447,4.406,-0.160,0.263,1.292
1751285210458,2025-06-30T15:06:50.458,4.417,-0.154,0.262,1.286
1751285210466,2025-06-30T15:06:50.466,4.425,-0.117,0.261,1.284
1751285210477,2025-06-30T15:06:50.477,4.436,-0.071,0.249,1.282
1751285210487,2025-06-30T15:06:50.487,4.446,-0.026,0.234,1.274
1751285210497,2025-06-30T15:06:50.497,4.456,0.003,0.223,1.262
1751285210507,2025-06-30T15:06:50.507,4.466,0.027,0.199,1.247
1751285210516,2025-06-30T15:06:50.516,4.475,0.060,0.188,1.230
1751285210526,2025-06-30T15:06:50.526,4.485,0.082,0.181,1.218
1751285210537,2025-06-30T15:06:50.537,4.496,0.084,0.168,1.202
1751285210547,2025-06-30T15:06:50.547,4.506,0.080,0.158,1.175
1751285210557,2025-06-30T15:06:50.557,4.516,0.070,0.147,1.149
1751285210566,2025-06-30T15:06:50.566,4.525,0.062,0.137,1.119
1751285210576,2025-06-30T15:06:50.576,4.535,0.068,0.123,1.092
1751285210586,2025-06-30T15:06:50.586,4.545,0.079,0.107,1.063
1751285210597,2025-06-30T15:06:50.597,4.556,0.086,0.092,1.036
1751285210607,2025-06-30T15:06:50.607,4.566,0.092,0.075,1.014
1751285210616,2025-06-30T15:06:50.616,4.575,0.098,0.060,0.983
1751285210626,2025-06-30T15:06:50.626,4.585,0.098,0.044,0.949
1751285210636,2025-06-30T15:06:50.636,4.595,0.095,0.034,0.916
1751285210646,2025-06-30T15:06:50.646,4.605,0.074,0.032,0.880
1751285210657,2025-06-30T15:06:50.657,4.616,0.046,0.028,0.847
1751285210666,2025-06-30T15:06:50.666,4.625,0.026,0.016,0.823
1751285210676,2025-06-30T15:06:50.676,4.635,0.007,0.000,0.800
1751285210686,2025-06-30T15:06:50.686,4.645,-0.012,-0.021,0.784
1751285210696,2025-06-30T15:06:50.696,4.655,-0.027,-0.042,0.764
1751285210705,2025-06-30T15:06:50.705,4.664,-0.077,-0.052,0.734
1751285210715,2025-06-30T15:06:50.715,4.674,-0.113,-0.075,0.721
1751285210726,2025-06-30T15:06:50.726,4.685,-0.134,-0.085,0.728
1751285210736,2025-06-30T15:06:50.736,4.695,-0.167,-0.081,0.739
1751285210746,2025-06-30T15:06:50.746,4.705,-0.194,-0.101,0.752
1751285210755,2025-06-30T15:06:50.755,4.714,-0.204,-0.120,0.752
1751285210765,2025-06-30T15:06:50.765,4.724,-0.206,-0.122,0.771
1751285210775,2025-06-30T15:06:50.775,4.734,-0.229,-0.111,0.784
1751285210786,2025-06-30T15:06:50.786,4.745,-0.235,-0.090,0.802
1751285210796,2025-06-30T15:06:50.796,4.755,-0.257,-0.062,0.808
1751285210805,2025-06-30T15:06:50.805,4.764,-0.287,-0.044,0.810
1751285210815,2025-06-30T15:06:50.815,4.774,-0.292,-0.023,0.810
1751285210825,2025-06-30T15:06:50.825,4.784,-0.290,-0.000,0.821
1751285210835,2025-06-30T15:06:50.835,4.794,-0.304,0.015,0.836
1751285210846,2025-06-30T15:06:50.846,4.805,-0.301,0.016,0.855
1751285210854,2025-06-30T15:06:50.854,4.813,-0.265,0.018,0.875
1751285210865,2025-06-30T15:06:50.865,4.824,-0.234,0.017,0.893
1751285210875,2025-06-30T15:06:50.875,4.834,-0.226,0.009,0.911
1751285210885,2025-06-30T15:06:50.885,4.844,-0.262,0.006,0.918
1751285210894,2025-06-30T15:06:50.894,4.853,-0.284,-0.008,0.920
1751285210904,2025-06-30T15:06:50.904,4.863,-0.273,-0.020,0.938
1751285210915,2025-06-30T15:06:50.915,4.874,-0.280,-0.013,0.949
1751285210925,2025-06-30T15:06:50.925,4.884,-0.291,-0.001,0.946
1751285210935,2025-06-30T15:06:50.935,4.894,-0.290,-0.001,0.945
1751285210944,2025-06-30T15:06:50.944,4.903,-0.281,-0.002,0.949
1751285210954,2025-06-30T15:06:50.954,4.913,-0.267,0.001,0.955
1751285210964,2025-06-30T15:06:50.964,4.923,-0.267,0.006,0.956
1751285210975,2025-06-30T15:06:50.975,4.934,-0.267,0.011,0.956
1751285210985,2025-06-30T15:06:50.985,4.944,-0.264,0.013,0.951
1751285210994,2025-06-30T15:06:50.994,4.953,-0.255,0.014,0.946
1751285211004,2025-06-30T15:06:51.004,4.963,-0.252,0.025,0.946
1751285211014,2025-06-30T15:06:51.014,4.973,-0.252,0.032,0.944
1751285211024,2025-06-30T15:06:51.024,4.983,-0.248,0.036,0.940
1751285211035,2025-06-30T15:06:51.035,4.994,-0.241,0.039,0.928
1751285211043,2025-06-30T15:06:51.043,5.002,-0.229,0.042,0.920
1751285211054,2025-06-30T15:06:51.054,5.013,-0.217,0.047,0.901
1751285211064,2025-06-30T15:06:51.064,5.023,-0.220,0.057,0.876
1751285211074,2025-06-30T15:06:51.074,5.033,-0.209,0.079,0.860
1751285211083,2025-06-30T15:06:51.083,5.042,-0.186,0.093,0.829
1751285211093,2025-06-30T15:06:51.093,5.052,-0.165,0.102,0.795
1751285211104,2025-06-30T15:06:51.104,5.063,-0.165,0.118,0.758
1751285211114,2025-06-30T15:06:51.114,5.073,-0.153,0.134,0.723
1751285211124,2025-06-30T15:06:51.124,5.083,-0.125,0.139,0.696
1751285211133,2025-06-30T15:06:51.133,5.092,-0.103,0.146,0.687
1751285211143,2025-06-30T15:06:51.143,5.102,-0.082,0.122,0.676
1751285211153,2025-06-30T15:06:51.153,5.112,-0.014,0.087,0.673
1751285211164,2025-06-30T15:06:51.164,5.123,0.071,0.081,0.676
1751285211174,2025-06-30T15:06:51.174,5.133,0.112,0.087,0.666
1751285211183,2025-06-30T15:06:51.183,5.142,0.093,0.084,0.649
1751285211193,2025-06-30T15:06:51.193,5.152,-0.004,0.090,0.612
1751285211203,2025-06-30T15:06:51.203,5.162,-0.136,0.095,0.559
1751285211213,2025-06-30T15:06:51.213,5.172,-0.229,0.071,0.531
1751285211224,2025-06-30T15:06:51.224,5.183,-0.243,0.067,0.533
1751285211232,2025-06-30T15:06:51.232,5.191,-0.222,0.057,0.702
1751285211243,2025-06-30T15:06:51.243,5.202,-0.255,0.005,0.843
1751285211253,2025-06-30T15:06:51.253,5.212,-0.353,-0.017,0.853
1751285211263,2025-06-30T15:06:51.263,5.222,-0.353,-0.018,0.832
1751285211272,2025-06-30T15:06:51.272,5.231,-0.247,-0.043,0.821
1751285211282,2025-06-30T15:06:51.282,5.241,-0.177,-0.098,0.792
1751285211292,2025-06-30T15:06:51.292,5.251,-0.189,-0.104,0.803
1751285211303,2025-06-30T15:06:51.303,5.262,-0.272,-0.094,0.808
1751285211313,2025-06-30T15:06:51.313,5.272,-0.323,-0.075,0.821
1751285211322,2025-06-30T15:06:51.322,5.281,-0.334,-0.078,0.855
1751285211332,2025-06-30T15:06:51.332,5.291,-0.292,-0.082,0.886
1751285211342,2025-06-30T15:06:51.342,5.301,-0.161,-0.057,0.909
1751285211353,2025-06-30T15:06:51.353,5.312,-0.049,-0.004,0.908
1751285211363,2025-06-30T15:06:51.363,5.322,-0.052,0.057,0.922
1751285211372,2025-06-30T15:06:51.372,5.331,-0.098,0.100,0.912
1751285211382,2025-06-30T15:06:51.382,5.341,-0.234,0.125,0.813
1751285211392,2025-06-30T15:06:51.392,5.351,0.030,0.414,1.413
1751285211402,2025-06-30T15:06:51.402,5.361,1.475,1.588,7.650
1751285211413,2025-06-30T15:06:51.413,5.372,-0.282,1.347,3.742
1751285211421,2025-06-30T15:06:51.421,5.380,0.334,0.023,-0.146
1751285211432,2025-06-30T15:06:51.432,5.391,1.106,-0.951,0.443
1751285211442,2025-06-30T15:06:51.442,5.401,0.439,-0.444,0.846
1751285211452,2025-06-30T15:06:51.452,5.411,0.269,-0.259,1.403
1751285211462,2025-06-30T15:06:51.462,5.421,0.279,0.056,1.544
1751285211471,2025-06-30T15:06:51.471,5.430,-0.076,0.194,0.908
1751285211481,2025-06-30T15:06:51.481,5.440,0.324,-0.238,1.030
1751285211492,2025-06-30T15:06:51.492,5.451,0.580,-0.358,1.112
1751285211502,2025-06-30T15:06:51.502,5.461,0.309,-0.049,0.738
1751285211511,2025-06-30T15:06:51.511,5.470,0.427,-0.036,0.812
1751285211521,2025-06-30T15:06:51.521,5.480,0.780,-0.090,1.122
1751285211531,2025-06-30T15:06:51.531,5.490,0.636,0.055,0.970
1751285211541,2025-06-30T15:06:51.541,5.500,0.271,0.050,0.727
1751285211552,2025-06-30T15:06:51.552,5.511,0.278,-0.096,0.903
1751285211561,2025-06-30T15:06:51.561,5.520,0.369,-0.027,1.090
1751285211571,2025-06-30T15:06:51.571,5.530,0.158,0.122,0.905
1751285211581,2025-06-30T15:06:51.581,5.540,0.071,0.052,0.885
1751285211591,2025-06-30T15:06:51.591,5.550,0.250,-0.027,1.114
1751285211602,2025-06-30T15:06:51.602,5.561,0.233,0.066,1.047
1751285211610,2025-06-30T15:06:51.610,5.569,0.123,0.085,0.877
1751285211621,2025-06-30T15:06:51.621,5.580,0.255,0.008,1.013
1751285211631,2025-06-30T15:06:51.631,5.590,0.308,0.056,1.057
1751285211641,2025-06-30T15:06:51.641,5.600,0.150,0.114,0.886
1751285211651,2025-06-30T15:06:51.651,5.610,0.160,0.028,0.946
1751285211660,2025-06-30T15:06:51.660,5.619,0.260,0.031,1.068
1751285211670,2025-06-30T15:06:51.670,5.629,0.155,0.086,0.963
1751285211681,2025-06-30T15:06:51.681,5.640,0.116,0.033,0.934
1751285211691,2025-06-30T15:06:51.691,5.650,0.193,0.004,1.043
1751285211700,2025-06-30T15:06:51.700,5.659,0.161,0.039,0.998
1751285211710,2025-06-30T15:06:51.710,5.669,0.135,0.010,0.953
1751285211720,2025-06-30T15:06:51.720,5.679,0.218,-0.034,1.017
1751285211730,2025-06-30T15:06:51.730,5.689,0.240,-0.023,1.029
1751285211741,2025-06-30T15:06:51.741,5.700,0.218,-0.022,0.977
1751285211749,2025-06-30T15:06:51.749,5.708,0.250,-0.056,0.987
1751285211760,2025-06-30T15:06:51.760,5.719,0.269,-0.047,1.014
1751285211770,2025-06-30T15:06:51.770,5.729,0.272,-0.034,1.005
1751285211780,2025-06-30T15:06:51.780,5.739,0.280,-0.046,0.998
1751285211791,2025-06-30T15:06:51.791,5.750,0.273,-0.047,0.979
1751285211799,2025-06-30T15:06:51.799,5.758,0.265,-0.042,0.984
1751285211810,2025-06-30T15:06:51.810,5.769,0.277,-0.030,0.977
1751285211820,2025-06-30T15:06:51.820,5.779,0.273,-0.026,0.946
1751285211830,2025-06-30T15:06:51.830,5.789,0.253,-0.033,0.949
1751285211840,2025-06-30T15:06:51.840,5.799,0.266,-0.028,0.974
1751285211849,2025-06-30T15:06:51.849,5.808,0.283,-0.017,0.954
1751285211859,2025-06-30T15:06:51.859,5.818,0.277,-0.021,0.953
1751285211870,2025-06-30T15:06:51.870,5.829,0.305,-0.022,0.970
1751285211880,2025-06-30T15:06:51.880,5.839,0.311,-0.002,0.965
1751285211889,2025-06-30T15:06:51.889,5.848,0.302,0.001,0.953
1751285211899,2025-06-30T15:06:51.899,5.858,0.303,-0.004,0.962
1751285211909,2025-06-30T15:06:51.909,5.868,0.298,0.001,0.967
1751285211919,2025-06-30T15:06:51.919,5.878,0.294,0.006,0.970
1751285211930,2025-06-30T15:06:51.930,5.889,0.286,0.007,0.961
1751285211938,2025-06-30T15:06:51.938,5.897,0.265,-0.001,0.969
1751285211949,2025-06-30T15:06:51.949,5.908,0.261,-0.003,0.969
1751285211959,2025-06-30T15:06:51.959,5.918,0.264,-0.002,0.970
1751285211969,2025-06-30T15:06:51.969,5.928,0.265,-0.003,0.969
1751285211979,2025-06-30T15:06:51.979,5.938,0.261,0.000,0.958
1751285211988,2025-06-30T15:06:51.988,5.947,0.283,0.001,0.964
1751285211999,2025-06-30T15:06:51.999,5.958,0.281,0.000,0.967
1751285212009,2025-06-30T15:06:52.009,5.968,0.272,0.009,0.959
1751285212019,2025-06-30T15:06:52.019,5.978,0.283,0.004,0.955
1751285212029,2025-06-30T15:06:52.029,5.988,0.288,-0.003,0.959
1751285212038,2025-06-30T15:06:52.038,5.997,0.287,-0.005,0.967
1751285212048,2025-06-30T15:06:52.048,6.007,0.297,-0.001,0.970
1751285212059,2025-06-30T15:06:52.059,6.018,0.297,-0.006,0.964
1751285212069,2025-06-30T15:06:52.069,6.028,0.275,-0.013,0.967
1751285212078,2025-06-30T15:06:52.078,6.037,0.238,-0.024,0.929
1751285212088,2025-06-30T15:06:52.088,6.047,0.164,-0.053,0.950
1751285212098,2025-06-30T15:06:52.098,6.057,0.174,-0.072,0.995
1751285212108,2025-06-30T15:06:52.108,6.067,0.212,-0.056,0.988
1751285212119,2025-06-30T15:06:52.119,6.078,0.221,-0.063,0.982
1751285212127,2025-06-30T15:06:52.127,6.086,0.249,-0.081,0.980
1751285212138,2025-06-30T15:06:52.138,6.097,0.290,-0.073,0.976
1751285212148,2025-06-30T15:06:52.148,6.107,0.309,-0.063,0.970
1751285212158,2025-06-30T15:06:52.158,6.117,0.304,-0.058,0.954
1751285212168,2025-06-30T15:06:52.168,6.127,0.313,-0.060,0.948
1751285212177,2025-06-30T15:06:52.177,6.136,0.335,-0.056,0.944
1751285212187,2025-06-30T15:06:52.187,6.146,0.340,-0.047,0.941
1751285212198,2025-06-30T15:06:52.198,6.157,0.354,-0.057,0.936
1751285212208,2025-06-30T15:06:52.208,6.167,0.352,-0.066,0.935
1751285212218,2025-06-30T15:06:52.218,6.177,0.347,-0.070,0.945
1751285212227,2025-06-30T15:06:52.227,6.186,0.365,-0.071,0.947
1751285212237,2025-06-30T15:06:52.237,6.196,0.375,-0.078,0.938
1751285212248,2025-06-30T15:06:52.248,6.207,0.376,-0.080,0.934
1751285212258,2025-06-30T15:06:52.258,6.217,0.386,-0.082,0.938
1751285212268,2025-06-30T15:06:52.268,6.227,0.378,-0.080,0.926
1751285212277,2025-06-30T15:06:52.277,6.236,0.375,-0.078,0.923
1751285212287,2025-06-30T15:06:52.287,6.246,0.375,-0.078,0.917
1751285212297,2025-06-30T15:06:52.297,6.256,0.371,-0.078,0.913
1751285212308,2025-06-30T15:06:52.308,6.267,0.372,-0.080,0.921
1751285212316,2025-06-30T15:06:52.316,6.275,0.372,-0.081,0.923
1751285212327,2025-06-30T15:06:52.327,6.286,0.392,-0.082,0.925
1751285212337,2025-06-30T15:06:52.337,6.296,0.422,-0.083,0.925
1751285212347,2025-06-30T15:06:52.347,6.306,0.424,-0.082,0.918
1751285212357,2025-06-30T15:06:52.357,6.316,0.417,-0.082,0.911
1751285212366,2025-06-30T15:06:52.366,6.325,0.415,-0.081,0.907
1751285212376,2025-06-30T15:06:52.376,6.335,0.401,-0.085,0.896
1751285212387,2025-06-30T15:06:52.387,6.346,0.400,-0.090,0.907
1751285212397,2025-06-30T15:06:52.397,6.356,0.414,-0.094,0.912
1751285212407,2025-06-30T15:06:52.407,6.366,0.433,-0.093,0.910
1751285212416,2025-06-30T15:06:52.416,6.375,0.414,-0.087,0.896
1751285212426,2025-06-30T15:06:52.426,6.385,0.413,-0.090,0.900
1751285212437,2025-06-30T15:06:52.437,6.396,0.415,-0.089,0.897
1751285212447,2025-06-30T15:06:52.447,6.406,0.460,-0.083,0.900
1751285212457,2025-06-30T15:06:52.457,6.416,0.456,-0.087,0.904
1751285212466,2025-06-30T15:06:52.466,6.425,0.426,-0.087,0.892
1751285212476,2025-06-30T15:06:52.476,6.435,0.421,-0.083,0.884
1751285212486,2025-06-30T15:06:52.486,6.445,0.418,-0.077,0.878
1751285212497,2025-06-30T15:06:52.497,6.456,0.473,-0.079,0.897
1751285212505,2025-06-30T15:06:52.505,6.464,0.471,-0.080,0.900
1751285212516,2025-06-30T15:06:52.516,6.475,0.454,-0.081,0.897
1751285212526,2025-06-30T15:06:52.526,6.485,0.446,-0.080,0.888
1751285212536,2025-06-30T15:06:52.536,6.495,0.436,-0.083,0.883
1751285212546,2025-06-30T15:06:52.546,6.505,0.462,-0.090,0.900
1751285212555,2025-06-30T15:06:52.555,6.514,0.430,-0.080,0.893
1751285212565,2025-06-30T15:06:52.565,6.524,0.445,-0.080,0.887
1751285212576,2025-06-30T15:06:52.576,6.535,0.456,-0.083,0.888
1751285212586,2025-06-30T15:06:52.586,6.545,0.445,-0.084,0.887
1751285212596,2025-06-30T15:06:52.596,6.555,0.451,-0.081,0.885
1751285212605,2025-06-30T15:06:52.605,6.564,0.476,-0.085,0.884
1751285212615,2025-06-30T15:06:52.615,6.574,0.488,-0.087,0.880
1751285212625,2025-06-30T15:06:52.625,6.584,0.477,-0.082,0.877
1751285212636,2025-06-30T15:06:52.636,6.595,0.490,-0.088,0.886
1751285212646,2025-06-30T15:06:52.646,6.605,0.495,-0.085,0.883
1751285212655,2025-06-30T15:06:52.655,6.614,0.502,-0.083,0.874
1751285212665,2025-06-30T15:06:52.665,6.624,0.518,-0.079,0.874
1751285212675,2025-06-30T15:06:52.675,6.634,0.512,-0.081,0.865
1751285212686,2025-06-30T15:06:52.686,6.645,0.500,-0.074,0.861
1751285212694,2025-06-30T15:06:52.694,6.653,0.553,-0.080,0.875
1751285212705,2025-06-30T15:06:52.705,6.664,0.486,-0.086,0.861
1751285212715,2025-06-30T15:06:52.715,6.674,0.387,-0.021,0.820
1751285212725,2025-06-30T15:06:52.725,6.684,0.437,0.031,0.849
1751285212735,2025-06-30T15:06:52.735,6.694,0.548,-0.062,0.861
1751285212744,2025-06-30T15:06:52.744,6.703,0.538,-0.065,0.918
1751285212754,2025-06-30T15:06:52.754,6.713,0.539,-0.047,0.916
1751285212765,2025-06-30T15:06:52.765,6.724,0.494,-0.077,0.875
1751285212775,2025-06-30T15:06:52.775,6.734,0.604,-0.133,0.876
1751285212785,2025-06-30T15:06:52.785,6.744,0.443,-0.100,0.833
1751285212794,2025-06-30T15:06:52.794,6.753,0.099,0.065,0.664
1751285212804,2025-06-30T15:06:52.804,6.763,-0.211,0.371,0.178
1751285212814,2025-06-30T15:06:52.814,6.773,1.954,0.182,1.405
1751285212825,2025-06-30T15:06:52.825,6.784,1.577,-0.805,1.182
1751285212835,2025-06-30T15:06:52.835,6.794,0.289,-0.322,0.817
1751285212844,2025-06-30T15:06:52.844,6.803,0.254,0.350,0.597
1751285212854,2025-06-30T15:06:52.854,6.813,1.037,0.351,0.907
1751285212864,2025-06-30T15:06:52.864,6.823,0.892,-0.109,0.857
1751285212874,2025-06-30T15:06:52.874,6.833,-0.380,0.004,0.701
1751285212885,2025-06-30T15:06:52.885,6.844,0.146,0.492,0.915
1751285212894,2025-06-30T15:06:52.894,6.853,1.240,0.172,0.932
1751285212904,2025-06-30T15:06:52.904,6.863,1.501,-0.332,0.985
1751285212914,2025-06-30T15:06:52.914,6.873,1.308,-0.318,0.973
1751285212924,2025-06-30T15:06:52.924,6.883,0.966,-0.168,0.925
1751285212933,2025-06-30T15:06:52.933,6.892,0.775,-0.170,0.891
1751285212943,2025-06-30T15:06:52.943,6.902,0.787,-0.226,0.880
1751285212954,2025-06-30T15:06:52.954,6.913,0.888,-0.265,0.888
1751285212964,2025-06-30T15:06:52.964,6.923,0.937,-0.267,0.890
1751285212974,2025-06-30T15:06:52.974,6.933,0.850,-0.258,0.858
1751285212983,2025-06-30T15:06:52.983,6.942,0.737,-0.281,0.816
1751285212993,2025-06-30T15:06:52.993,6.952,0.707,-0.321,0.792
1751285213003,2025-06-30T15:06:53.003,6.962,0.705,-0.343,0.779
1751285213014,2025-06-30T15:06:53.014,6.973,0.693,-0.352,0.782
1751285213024,2025-06-30T15:06:53.024,6.983,0.612,-0.362,0.803
1751285213033,2025-06-30T15:06:53.033,6.992,0.535,-0.396,0.824
1751285213043,2025-06-30T15:06:53.043,7.002,0.489,-0.446,0.830
1751285213053,2025-06-30T15:06:53.053,7.012,0.448,-0.481,0.797
1751285213063,2025-06-30T15:06:53.063,7.022,0.377,-0.475,0.741
1751285213074,2025-06-30T15:06:53.074,7.033,0.333,-0.465,0.703
1751285213083,2025-06-30T15:06:53.083,7.042,0.304,-0.463,0.696
1751285213093,2025-06-30T15:06:53.093,7.052,0.352,-0.474,0.687
1751285213103,2025-06-30T15:06:53.103,7.062,0.411,-0.477,0.670
1751285213113,2025-06-30T15:06:53.113,7.072,0.368,-0.474,0.666
1751285213122,2025-06-30T15:06:53.122,7.081,0.285,-0.476,0.659
1751285213132,2025-06-30T15:06:53.132,7.091,0.267,-0.482,0.629
1751285213143,2025-06-30T15:06:53.143,7.102,0.264,-0.481,0.593
1751285213153,2025-06-30T15:06:53.153,7.112,0.286,-0.470,0.554
1751285213163,2025-06-30T15:06:53.163,7.122,0.313,-0.458,0.528
1751285213172,2025-06-30T15:06:53.172,7.131,0.303,-0.465,0.536
1751285213182,2025-06-30T15:06:53.182,7.141,0.277,-0.475,0.598
1751285213192,2025-06-30T15:06:53.192,7.151,0.283,-0.464,0.670
1751285213203,2025-06-30T15:06:53.203,7.162,0.367,-0.453,0.695
1751285213213,2025-06-30T15:06:53.213,7.172,0.406,-0.446,0.719
1751285213222,2025-06-30T15:06:53.222,7.181,0.371,-0.449,0.713
1751285213232,2025-06-30T15:06:53.232,7.191,0.331,-0.463,0.698
1751285213242,2025-06-30T15:06:53.242,7.201,0.298,-0.488,0.682
1751285213252,2025-06-30T15:06:53.252,7.211,0.296,-0.513,0.656
1751285213263,2025-06-30T15:06:53.263,7.222,0.318,-0.541,0.609
1751285213271,2025-06-30T15:06:53.271,7.230,0.345,-0.560,0.564
1751285213282,2025-06-30T15:06:53.282,7.241,0.388,-0.564,0.520
1751285213292,2025-06-30T15:06:53.292,7.251,0.455,-0.549,0.521
1751285213302,2025-06-30T15:06:53.302,7.261,0.462,-0.530,0.572
1751285213312,2025-06-30T15:06:53.312,7.271,0.419,-0.552,0.564
1751285213321,2025-06-30T15:06:53.321,7.280,0.366,-0.579,0.521
1751285213332,2025-06-30T15:06:53.332,7.291,0.353,-0.610,0.500
1751285213342,2025-06-30T15:06:53.342,7.301,0.430,-0.658,0.466
1751285213352,2025-06-30T15:06:53.352,7.311,0.495,-0.708,0.448
1751285213361,2025-06-30T15:06:53.361,7.320,0.543,-0.737,0.433
1751285213371,2025-06-30T15:06:53.371,7.330,0.605,-0.781,0.400
1751285213381,2025-06-30T15:06:53.381,7.340,0.647,-0.822,0.336
1751285213392,2025-06-30T15:06:53.392,7.351,0.626,-0.833,0.300
1751285213402,2025-06-30T15:06:53.402,7.361,0.538,-0.824,0.304
1751285213411,2025-06-30T15:06:53.411,7.370,0.478,-0.796,0.311
1751285213421,2025-06-30T15:06:53.421,7.380,0.492,-0.781,0.313
1751285213431,2025-06-30T15:06:53.431,7.390,0.522,-0.780,0.324
1751285213441,2025-06-30T15:06:53.441,7.400,0.526,-0.773,0.317
1751285213452,2025-06-30T15:06:53.452,7.411,0.513,-0.774,0.293
1751285213460,2025-06-30T15:06:53.460,7.419,0.498,-0.780,0.283
1751285213471,2025-06-30T15:06:53.471,7.430,0.483,-0.768,0.275
1751285213481,2025-06-30T15:06:53.481,7.440,0.503,-0.764,0.245
1751285213491,2025-06-30T15:06:53.491,7.450,0.577,-0.772,0.221
1751285213500,2025-06-30T15:06:53.500,7.459,0.627,-0.781,0.206
1751285213510,2025-06-30T15:06:53.510,7.469,0.636,-0.797,0.190
1751285213520,2025-06-30T15:06:53.520,7.479,0.618,-0.826,0.176
1751285213531,2025-06-30T15:06:53.531,7.490,0.606,-0.837,0.168
1751285213541,2025-06-30T15:06:53.541,7.500,0.619,-0.847,0.158
1751285213550,2025-06-30T15:06:53.550,7.509,0.627,-0.840,0.171
1751285213560,2025-06-30T15:06:53.560,7.519,0.648,-0.834,0.171
1751285213570,2025-06-30T15:06:53.570,7.529,0.670,-0.835,0.171
1751285213581,2025-06-30T15:06:53.581,7.540,0.674,-0.829,0.176
1751285213591,2025-06-30T15:06:53.591,7.550,0.656,-0.812,0.184
1751285213600,2025-06-30T15:06:53.600,7.559,0.637,-0.788,0.190
1751285213610,2025-06-30T15:06:53.610,7.569,0.607,-0.781,0.200
1751285213620,2025-06-30T15:06:53.620,7.579,0.563,-0.771,0.207
1751285213630,2025-06-30T15:06:53.630,7.589,0.531,-0.761,0.213
1751285213641,2025-06-30T15:06:53.641,7.600,0.536,-0.743,0.226
1751285213649,2025-06-30T15:06:53.649,7.608,0.568,-0.740,0.223
1751285213660,2025-06-30T15:06:53.660,7.619,0.594,-0.744,0.208
1751285213670,2025-06-30T15:06:53.670,7.629,0.604,-0.748,0.199
1751285213680,2025-06-30T15:06:53.680,7.639,0.611,-0.765,0.184
1751285213689,2025-06-30T15:06:53.689,7.648,0.616,-0.782,0.174
1751285213699,2025-06-30T15:06:53.699,7.658,0.630,-0.782,0.185
1751285213709,2025-06-30T15:06:53.709,7.668,0.633,-0.786,0.192
1751285213720,2025-06-30T15:06:53.720,7.679,0.609,-0.786,0.206
1751285213730,2025-06-30T15:06:53.730,7.689,0.594,-0.777,0.226
1751285213739,2025-06-30T15:06:53.739,7.698,0.586,-0.786,0.235
1751285213749,2025-06-30T15:06:53.749,7.708,0.576,-0.799,0.216
1751285213759,2025-06-30T15:06:53.759,7.718,0.575,-0.808,0.198
1751285213770,2025-06-30T15:06:53.770,7.729,0.563,-0.805,0.193
1751285213780,2025-06-30T15:06:53.780,7.739,0.558,-0.801,0.185
1751285213789,2025-06-30T15:06:53.789,7.748,0.548,-0.797,0.178
1751285213799,2025-06-30T15:06:53.799,7.758,0.511,-0.776,0.189
1751285213809,2025-06-30T15:06:53.809,7.768,0.489,-0.764,0.195
1751285213819,2025-06-30T15:06:53.819,7.778,0.485,-0.752,0.197
1751285213830,2025-06-30T15:06:53.830,7.789,0.476,-0.734,0.204
1751285213838,2025-06-30T15:06:53.838,7.797,0.483,-0.730,0.214
1751285213849,2025-06-30T15:06:53.849,7.808,0.509,-0.739,0.202
1751285213859,2025-06-30T15:06:53.859,7.818,0.533,-0.749,0.182
1751285213869,2025-06-30T15:06:53.869,7.828,0.556,-0.761,0.174
1751285213878,2025-06-30T15:06:53.878,7.837,0.568,-0.770,0.168
1751285213888,2025-06-30T15:06:53.888,7.847,0.567,-0.770,0.169
1751285213898,2025-06-30T15:06:53.898,7.857,0.555,-0.771,0.177
1751285213909,2025-06-30T15:06:53.909,7.868,0.552,-0.782,0.176
1751285213919,2025-06-30T15:06:53.919,7.878,0.547,-0.787,0.174
1751285213928,2025-06-30T15:06:53.928,7.887,0.542,-0.788,0.175
1751285213938,2025-06-30T15:06:53.938,7.897,0.538,-0.780,0.175
1751285213948,2025-06-30T15:06:53.948,7.907,0.551,-0.775,0.174
