epoch (ms),time (03:00),elapsed (s),x-axis (deg/s),y-axis (deg/s),z-axis (deg/s)
1751285205952,2025-06-30T15:06:45.952,0.000,38.415,-48.902,19.146
1751285205962,2025-06-30T15:06:45.962,0.010,38.537,-48.232,19.085
1751285205971,2025-06-30T15:06:45.971,0.019,43.476,-42.195,19.756
1751285205981,2025-06-30T15:06:45.981,0.029,49.939,-35.122,19.390
1751285205991,2025-06-30T15:06:45.991,0.039,55.976,-29.268,18.659
1751285206001,2025-06-30T15:06:46.001,0.049,62.256,-22.927,17.805
1751285206012,2025-06-30T15:06:46.012,0.060,68.841,-15.427,15.976
1751285206020,2025-06-30T15:06:46.020,0.068,75.305,-5.854,13.598
1751285206031,2025-06-30T15:06:46.031,0.079,80.732,3.293,8.780
1751285206041,2025-06-30T15:06:46.041,0.089,85.122,11.280,2.866
1751285206051,2025-06-30T15:06:46.051,0.099,88.293,18.171,-3.354
1751285206062,2025-06-30T15:06:46.062,0.110,89.939,23.293,-10.610
1751285206070,2025-06-30T15:06:46.070,0.118,90.793,26.707,-19.024
1751285206081,2025-06-30T15:06:46.081,0.129,90.915,26.098,-27.561
1751285206091,2025-06-30T15:06:46.091,0.139,90.671,20.061,-35.000
1751285206101,2025-06-30T15:06:46.101,0.149,88.537,12.378,-42.012
1751285206110,2025-06-30T15:06:46.110,0.158,85.671,5.122,-47.988
1751285206120,2025-06-30T15:06:46.120,0.168,82.683,0.183,-53.110
1751285206130,2025-06-30T15:06:46.130,0.178,78.293,-4.268,-57.988
1751285206141,2025-06-30T15:06:46.141,0.189,72.805,-8.049,-62.805
1751285206151,2025-06-30T15:06:46.151,0.199,67.378,-10.732,-67.195
1751285206160,2025-06-30T15:06:46.160,0.208,62.378,-13.476,-71.098
1751285206170,2025-06-30T15:06:46.170,0.218,57.500,-15.610,-75.122
1751285206180,2025-06-30T15:06:46.180,0.228,52.927,-18.415,-79.695
1751285206190,2025-06-30T15:06:46.190,0.238,48.110,-21.768,-84.085
1751285206201,2025-06-30T15:06:46.201,0.249,43.232,-23.232,-87.927
1751285206209,2025-06-30T15:06:46.209,0.257,38.049,-18.476,-91.220
1751285206220,2025-06-30T15:06:46.220,0.268,32.561,-6.585,-93.537
1751285206230,2025-06-30T15:06:46.230,0.278,26.707,8.293,-94.878
1751285206240,2025-06-30T15:06:46.240,0.288,20.244,19.207,-94.695
1751285206250,2025-06-30T15:06:46.250,0.298,12.439,21.037,-93.780
1751285206259,2025-06-30T15:06:46.259,0.307,3.902,14.390,-92.317
1751285206270,2025-06-30T15:06:46.270,0.318,-4.085,3.110,-89.573
1751285206280,2025-06-30T15:06:46.280,0.328,-11.890,-7.012,-85.427
1751285206290,2025-06-30T15:06:46.290,0.338,-19.024,-14.085,-79.939
1751285206299,2025-06-30T15:06:46.299,0.347,-25.671,-16.951,-73.171
1751285206309,2025-06-30T15:06:46.309,0.357,-32.256,-15.305,-65.366
1751285206319,2025-06-30T15:06:46.319,0.367,-38.720,-11.585,-57.012
1751285206330,2025-06-30T15:06:46.330,0.378,-44.390,-6.220,-48.537
1751285206340,2025-06-30T15:06:46.340,0.388,-49.573,-0.305,-40.122
1751285206349,2025-06-30T15:06:46.349,0.397,-54.817,4.268,-31.341
1751285206359,2025-06-30T15:06:46.359,0.407,-59.817,6.585,-22.378
1751285206369,2025-06-30T15:06:46.369,0.417,-64.512,6.768,-14.085
1751285206379,2025-06-30T15:06:46.379,0.427,-69.024,5.610,-5.976
1751285206390,2025-06-30T15:06:46.390,0.438,-73.049,3.110,2.012
1751285206398,2025-06-30T15:06:46.398,0.446,-76.159,0.732,9.085
1751285206409,2025-06-30T15:06:46.409,0.457,-78.232,0.061,15.366
1751285206419,2025-06-30T15:06:46.419,0.467,-79.756,0.610,21.341
1751285206429,2025-06-30T15:06:46.429,0.477,-80.549,1.646,27.012
1751285206439,2025-06-30T15:06:46.439,0.487,-80.732,1.402,32.805
1751285206448,2025-06-30T15:06:46.448,0.496,-80.427,-0.122,38.659
1751285206458,2025-06-30T15:06:46.458,0.506,-79.878,-1.646,44.634
1751285206469,2025-06-30T15:06:46.469,0.517,-78.841,-3.415,50.549
1751285206479,2025-06-30T15:06:46.479,0.527,-77.439,-5.610,56.768
1751285206488,2025-06-30T15:06:46.488,0.536,-75.854,-8.963,62.805
1751285206498,2025-06-30T15:06:46.498,0.546,-74.146,-13.780,68.354
1751285206508,2025-06-30T15:06:46.508,0.556,-71.646,-18.415,73.780
1751285206519,2025-06-30T15:06:46.519,0.567,-68.720,-23.293,77.988
1751285206529,2025-06-30T15:06:46.529,0.577,-66.159,-31.037,80.427
1751285206538,2025-06-30T15:06:46.538,0.586,-62.683,-39.939,81.707
1751285206548,2025-06-30T15:06:46.548,0.596,-57.500,-48.293,79.939
1751285206558,2025-06-30T15:06:46.558,0.606,-51.402,-54.085,75.366
1751285206568,2025-06-30T15:06:46.568,0.616,-44.268,-54.085,70.244
1751285206579,2025-06-30T15:06:46.579,0.627,-36.646,-49.817,63.720
1751285206587,2025-06-30T15:06:46.587,0.635,-29.146,-43.476,55.610
1751285206598,2025-06-30T15:06:46.598,0.646,-22.012,-33.841,48.354
1751285206608,2025-06-30T15:06:46.608,0.656,-14.878,-22.927,41.707
1751285206618,2025-06-30T15:06:46.618,0.666,-9.268,-12.134,36.341
1751285206628,2025-06-30T15:06:46.628,0.676,-4.085,-0.976,34.024
1751285206637,2025-06-30T15:06:46.637,0.685,0.244,10.061,33.110
1751285206647,2025-06-30T15:06:46.647,0.695,2.866,18.841,31.829
1751285206658,2025-06-30T15:06:46.658,0.706,4.756,23.110,30.671
1751285206668,2025-06-30T15:06:46.668,0.716,5.976,24.329,30.427
1751285206677,2025-06-30T15:06:46.677,0.725,6.037,24.146,30.732
1751285206687,2025-06-30T15:06:46.687,0.735,5.427,21.707,30.854
1751285206697,2025-06-30T15:06:46.697,0.745,4.451,17.195,30.305
1751285206708,2025-06-30T15:06:46.708,0.756,3.293,12.866,28.720
1751285206718,2025-06-30T15:06:46.718,0.766,2.744,9.512,26.159
1751285206727,2025-06-30T15:06:46.727,0.775,2.988,6.463,23.598
1751285206737,2025-06-30T15:06:46.737,0.785,3.415,5.671,21.707
1751285206747,2025-06-30T15:06:46.747,0.795,4.085,6.707,19.756
1751285206757,2025-06-30T15:06:46.757,0.805,4.817,8.415,18.537
1751285206768,2025-06-30T15:06:46.768,0.816,5.488,10.488,17.866
1751285206776,2025-06-30T15:06:46.776,0.824,5.915,12.561,17.561
1751285206787,2025-06-30T15:06:46.787,0.835,6.220,13.902,17.988
1751285206797,2025-06-30T15:06:46.797,0.845,6.098,14.756,18.293
1751285206807,2025-06-30T15:06:46.807,0.855,5.915,15.061,18.415
1751285206817,2025-06-30T15:06:46.817,0.865,5.549,13.232,18.476
1751285206826,2025-06-30T15:06:46.826,0.874,5.061,7.927,18.293
1751285206836,2025-06-30T15:06:46.836,0.884,4.756,0.793,17.805
1751285206847,2025-06-30T15:06:46.847,0.895,4.573,-6.707,16.768
1751285206857,2025-06-30T15:06:46.857,0.905,5.305,-13.110,15.793
1751285206866,2025-06-30T15:06:46.866,0.914,6.524,-16.402,15.549
1751285206876,2025-06-30T15:06:46.876,0.924,8.476,-16.280,15.122
1751285206886,2025-06-30T15:06:46.886,0.934,10.915,-13.841,14.756
1751285206896,2025-06-30T15:06:46.896,0.944,14.085,-9.817,14.756
1751285206907,2025-06-30T15:06:46.907,0.955,17.378,-5.305,14.756
1751285206916,2025-06-30T15:06:46.916,0.964,20.427,-1.890,14.878
1751285206926,2025-06-30T15:06:46.926,0.974,23.354,-0.122,15.915
1751285206936,2025-06-30T15:06:46.936,0.984,25.610,-0.366,16.768
1751285206946,2025-06-30T15:06:46.946,0.994,27.683,-2.317,17.561
1751285206957,2025-06-30T15:06:46.957,1.005,29.146,-5.854,18.659
1751285206965,2025-06-30T15:06:46.965,1.013,30.244,-11.768,20.061
1751285206976,2025-06-30T15:06:46.976,1.024,31.890,-17.561,21.646
1751285206986,2025-06-30T15:06:46.986,1.034,34.085,-21.341,22.561
1751285206996,2025-06-30T15:06:46.996,1.044,37.378,-22.927,22.561
1751285207006,2025-06-30T15:06:47.006,1.054,41.402,-22.805,21.768
1751285207015,2025-06-30T15:06:47.015,1.063,45.793,-19.939,20.549
1751285207025,2025-06-30T15:06:47.025,1.073,50.061,-13.780,18.537
1751285207036,2025-06-30T15:06:47.036,1.084,53.354,-6.585,15.671
1751285207046,2025-06-30T15:06:47.046,1.094,56.585,-1.890,12.012
1751285207056,2025-06-30T15:06:47.056,1.104,58.963,-2.317,6.829
1751285207065,2025-06-30T15:06:47.065,1.113,60.732,-7.561,0.427
1751285207075,2025-06-30T15:06:47.075,1.123,62.500,-12.866,-6.037
1751285207085,2025-06-30T15:06:47.085,1.133,64.756,-14.268,-12.378
1751285207096,2025-06-30T15:06:47.096,1.144,67.744,-11.280,-18.963
1751285207104,2025-06-30T15:06:47.104,1.152,71.524,-3.902,-25.671
1751285207115,2025-06-30T15:06:47.115,1.163,76.098,7.927,-30.915
1751285207125,2025-06-30T15:06:47.125,1.173,79.756,19.268,-33.963
1751285207135,2025-06-30T15:06:47.135,1.183,80.183,25.732,-36.098
1751285207145,2025-06-30T15:06:47.145,1.193,77.744,25.976,-37.927
1751285207154,2025-06-30T15:06:47.154,1.202,73.841,19.146,-37.927
1751285207165,2025-06-30T15:06:47.165,1.213,68.171,5.122,-38.354
1751285207175,2025-06-30T15:06:47.175,1.223,60.427,-12.317,-41.159
1751285207185,2025-06-30T15:06:47.185,1.233,53.232,-22.439,-45.000
1751285207195,2025-06-30T15:06:47.195,1.243,47.622,-23.354,-49.451
1751285207204,2025-06-30T15:06:47.204,1.252,42.317,-19.085,-54.756
1751285207214,2025-06-30T15:06:47.214,1.262,38.476,-13.110,-59.390
1751285207225,2025-06-30T15:06:47.225,1.273,35.366,-7.256,-63.415
1751285207235,2025-06-30T15:06:47.235,1.283,32.195,-1.646,-67.500
1751285207245,2025-06-30T15:06:47.245,1.293,29.085,2.561,-71.098
1751285207254,2025-06-30T15:06:47.254,1.302,26.220,4.878,-74.085
1751285207264,2025-06-30T15:06:47.264,1.312,22.866,4.573,-76.646
1751285207274,2025-06-30T15:06:47.274,1.322,19.329,2.683,-79.268
1751285207285,2025-06-30T15:06:47.285,1.333,15.427,1.402,-81.341
1751285207293,2025-06-30T15:06:47.293,1.341,11.341,0.244,-83.171
1751285207304,2025-06-30T15:06:47.304,1.352,6.829,-0.488,-85.183
1751285207314,2025-06-30T15:06:47.314,1.362,2.378,-0.427,-86.890
1751285207324,2025-06-30T15:06:47.324,1.372,-2.439,-0.793,-87.866
1751285207334,2025-06-30T15:06:47.334,1.382,-7.256,-2.378,-87.439
1751285207343,2025-06-30T15:06:47.343,1.391,-11.585,-4.756,-86.280
1751285207354,2025-06-30T15:06:47.354,1.402,-15.915,-6.768,-84.451
1751285207364,2025-06-30T15:06:47.364,1.412,-20.000,-8.537,-81.220
1751285207374,2025-06-30T15:06:47.374,1.422,-24.085,-10.427,-76.402
1751285207384,2025-06-30T15:06:47.384,1.432,-28.110,-11.951,-70.854
1751285207393,2025-06-30T15:06:47.393,1.441,-32.622,-12.439,-65.000
1751285207403,2025-06-30T15:06:47.403,1.451,-37.134,-11.829,-58.354
1751285207414,2025-06-30T15:06:47.414,1.462,-41.463,-10.610,-50.610
1751285207424,2025-06-30T15:06:47.424,1.472,-45.976,-9.085,-42.561
1751285207434,2025-06-30T15:06:47.434,1.482,-50.427,-7.500,-35.000
1751285207443,2025-06-30T15:06:47.443,1.491,-54.573,-5.793,-27.500
1751285207453,2025-06-30T15:06:47.453,1.501,-58.720,-4.085,-19.756
1751285207463,2025-06-30T15:06:47.463,1.511,-62.195,-2.317,-11.463
1751285207474,2025-06-30T15:06:47.474,1.522,-65.061,-0.671,-2.988
1751285207482,2025-06-30T15:06:47.482,1.530,-68.232,-0.061,5.122
1751285207493,2025-06-30T15:06:47.493,1.541,-70.976,-0.671,13.232
1751285207503,2025-06-30T15:06:47.503,1.551,-73.354,-2.256,21.402
1751285207513,2025-06-30T15:06:47.513,1.561,-75.244,-4.329,29.146
1751285207523,2025-06-30T15:06:47.523,1.571,-76.280,-5.976,36.646
1751285207532,2025-06-30T15:06:47.532,1.580,-76.707,-7.195,44.024
1751285207542,2025-06-30T15:06:47.542,1.590,-76.585,-9.024,51.524
1751285207553,2025-06-30T15:06:47.553,1.601,-75.915,-11.585,58.841
1751285207563,2025-06-30T15:06:47.563,1.611,-74.512,-15.244,65.122
1751285207573,2025-06-30T15:06:47.573,1.621,-72.256,-19.024,71.098
1751285207582,2025-06-30T15:06:47.582,1.630,-69.329,-23.049,76.037
1751285207592,2025-06-30T15:06:47.592,1.640,-66.220,-28.110,78.598
1751285207603,2025-06-30T15:06:47.603,1.651,-61.220,-30.488,80.000
1751285207613,2025-06-30T15:06:47.613,1.661,-54.451,-27.500,79.817
1751285207623,2025-06-30T15:06:47.623,1.671,-46.951,-20.183,76.646
1751285207632,2025-06-30T15:06:47.632,1.680,-39.146,-10.305,71.890
1751285207642,2025-06-30T15:06:47.642,1.690,-31.646,0.122,65.427
1751285207652,2025-06-30T15:06:47.652,1.700,-24.390,8.354,57.683
1751285207663,2025-06-30T15:06:47.663,1.711,-17.866,12.683,50.000
1751285207671,2025-06-30T15:06:47.671,1.719,-12.927,14.024,43.720
1751285207682,2025-06-30T15:06:47.682,1.730,-9.329,14.329,39.268
1751285207692,2025-06-30T15:06:47.692,1.740,-6.280,14.695,36.463
1751285207702,2025-06-30T15:06:47.702,1.750,-3.232,12.866,34.695
1751285207712,2025-06-30T15:06:47.712,1.760,-1.890,8.659,34.451
1751285207721,2025-06-30T15:06:47.721,1.769,-1.159,5.122,34.634
1751285207731,2025-06-30T15:06:47.731,1.779,0.061,2.439,33.293
1751285207742,2025-06-30T15:06:47.742,1.790,0.549,-0.976,30.488
1751285207752,2025-06-30T15:06:47.752,1.800,0.488,-4.695,27.073
1751285207762,2025-06-30T15:06:47.762,1.810,0.610,-6.220,23.841
1751285207771,2025-06-30T15:06:47.771,1.819,1.707,-3.780,20.427
1751285207781,2025-06-30T15:06:47.781,1.829,3.476,0.976,16.768
1751285207791,2025-06-30T15:06:47.791,1.839,5.122,5.915,14.451
1751285207802,2025-06-30T15:06:47.802,1.850,6.463,9.817,13.537
1751285207812,2025-06-30T15:06:47.812,1.860,7.561,12.561,13.537
1751285207821,2025-06-30T15:06:47.821,1.869,8.476,14.268,14.085
1751285207831,2025-06-30T15:06:47.831,1.879,8.841,15.244,14.756
1751285207841,2025-06-30T15:06:47.841,1.889,8.659,13.598,14.695
1751285207852,2025-06-30T15:06:47.852,1.900,7.866,9.146,14.207
1751285207860,2025-06-30T15:06:47.860,1.908,6.768,3.963,13.902
1751285207871,2025-06-30T15:06:47.871,1.919,5.671,-1.768,13.171
1751285207881,2025-06-30T15:06:47.881,1.929,4.878,-6.707,12.073
1751285207891,2025-06-30T15:06:47.891,1.939,4.451,-9.329,11.037
1751285207901,2025-06-30T15:06:47.901,1.949,4.695,-10.366,10.244
1751285207910,2025-06-30T15:06:47.910,1.958,5.488,-11.585,10.000
1751285207920,2025-06-30T15:06:47.920,1.968,6.098,-14.268,9.939
1751285207931,2025-06-30T15:06:47.931,1.979,6.829,-17.561,9.939
1751285207941,2025-06-30T15:06:47.941,1.989,7.866,-20.427,10.122
1751285207951,2025-06-30T15:06:47.951,1.999,9.939,-22.317,10.793
1751285207960,2025-06-30T15:06:47.960,2.008,13.354,-21.829,11.951
1751285207970,2025-06-30T15:06:47.970,2.018,17.622,-17.927,12.927
1751285207980,2025-06-30T15:06:47.980,2.028,23.171,-11.341,14.512
1751285207991,2025-06-30T15:06:47.991,2.039,29.512,-3.354,16.646
1751285208001,2025-06-30T15:06:48.001,2.049,35.488,4.024,19.573
1751285208010,2025-06-30T15:06:48.010,2.058,40.732,7.988,23.171
1751285208020,2025-06-30T15:06:48.020,2.068,45.793,8.963,26.524
1751285208030,2025-06-30T15:06:48.030,2.078,51.524,8.110,28.049
1751285208041,2025-06-30T15:06:48.041,2.089,55.976,5.244,26.829
1751285208049,2025-06-30T15:06:48.049,2.097,60.549,1.585,23.537
1751285208060,2025-06-30T15:06:48.060,2.108,65.732,2.073,20.244
1751285208070,2025-06-30T15:06:48.070,2.118,71.037,6.463,16.768
1751285208080,2025-06-30T15:06:48.080,2.128,74.756,10.671,12.012
1751285208090,2025-06-30T15:06:48.090,2.138,77.439,13.171,7.561
1751285208099,2025-06-30T15:06:48.099,2.147,79.634,15.183,2.988
1751285208109,2025-06-30T15:06:48.109,2.157,80.793,17.317,-3.110
1751285208120,2025-06-30T15:06:48.120,2.168,81.098,17.561,-10.366
1751285208130,2025-06-30T15:06:48.130,2.178,80.366,16.402,-17.500
1751285208140,2025-06-30T15:06:48.140,2.188,79.512,14.634,-23.902
1751285208149,2025-06-30T15:06:48.149,2.197,78.720,14.512,-29.573
1751285208159,2025-06-30T15:06:48.159,2.207,76.280,15.427,-35.000
1751285208169,2025-06-30T15:06:48.169,2.217,73.659,15.671,-40.427
1751285208180,2025-06-30T15:06:48.180,2.228,70.549,13.110,-45.976
1751285208190,2025-06-30T15:06:48.190,2.238,67.195,7.439,-51.402
1751285208199,2025-06-30T15:06:48.199,2.247,63.780,0.488,-56.951
1751285208209,2025-06-30T15:06:48.209,2.257,60.000,-6.280,-62.134
1751285208219,2025-06-30T15:06:48.219,2.267,56.280,-11.098,-66.646
1751285208229,2025-06-30T15:06:48.229,2.277,52.866,-13.720,-70.732
1751285208240,2025-06-30T15:06:48.240,2.288,49.695,-15.000,-75.122
1751285208249,2025-06-30T15:06:48.249,2.297,46.463,-13.659,-79.878
1751285208259,2025-06-30T15:06:48.259,2.307,43.293,-10.488,-84.939
1751285208269,2025-06-30T15:06:48.269,2.317,39.512,-8.293,-89.695
1751285208279,2025-06-30T15:06:48.279,2.327,35.244,-9.268,-93.415
1751285208288,2025-06-30T15:06:48.288,2.336,30.427,-13.232,-96.159
1751285208298,2025-06-30T15:06:48.298,2.346,25.244,-18.720,-98.415
1751285208309,2025-06-30T15:06:48.309,2.357,19.146,-24.207,-100.183
1751285208319,2025-06-30T15:06:48.319,2.367,12.927,-29.207,-101.280
1751285208329,2025-06-30T15:06:48.329,2.377,6.524,-32.073,-101.159
1751285208338,2025-06-30T15:06:48.338,2.386,0.793,-32.195,-99.634
1751285208348,2025-06-30T15:06:48.348,2.396,-4.878,-30.488,-95.915
1751285208358,2025-06-30T15:06:48.358,2.406,-10.122,-27.805,-90.427
1751285208369,2025-06-30T15:06:48.369,2.417,-15.793,-22.866,-83.232
1751285208379,2025-06-30T15:06:48.379,2.427,-21.890,-15.610,-74.024
1751285208388,2025-06-30T15:06:48.388,2.436,-28.415,-7.927,-63.232
1751285208398,2025-06-30T15:06:48.398,2.446,-35.122,-1.280,-51.707
1751285208408,2025-06-30T15:06:48.408,2.456,-42.256,2.622,-39.573
1751285208418,2025-06-30T15:06:48.418,2.466,-48.963,2.500,-28.049
1751285208429,2025-06-30T15:06:48.429,2.477,-55.976,-2.256,-17.988
1751285208437,2025-06-30T15:06:48.437,2.485,-62.683,-10.305,-9.146
1751285208448,2025-06-30T15:06:48.448,2.496,-68.780,-17.988,-1.646
1751285208458,2025-06-30T15:06:48.458,2.506,-73.171,-23.354,4.512
1751285208468,2025-06-30T15:06:48.468,2.516,-76.707,-26.037,10.122
1751285208477,2025-06-30T15:06:48.477,2.525,-79.390,-26.890,15.793
1751285208487,2025-06-30T15:06:48.487,2.535,-80.915,-25.427,21.524
1751285208498,2025-06-30T15:06:48.498,2.546,-81.585,-22.927,27.012
1751285208508,2025-06-30T15:06:48.508,2.556,-81.646,-20.549,32.378
1751285208518,2025-06-30T15:06:48.518,2.566,-81.646,-20.000,38.049
1751285208527,2025-06-30T15:06:48.527,2.575,-81.098,-20.122,43.780
1751285208537,2025-06-30T15:06:48.537,2.585,-80.244,-19.695,49.268
1751285208547,2025-06-30T15:06:48.547,2.595,-78.902,-18.659,54.390
1751285208558,2025-06-30T15:06:48.558,2.606,-77.073,-16.524,59.634
1751285208568,2025-06-30T15:06:48.568,2.616,-74.695,-14.878,64.634
1751285208577,2025-06-30T15:06:48.577,2.625,-72.561,-13.720,68.780
1751285208587,2025-06-30T15:06:48.587,2.635,-69.939,-12.805,73.049
1751285208597,2025-06-30T15:06:48.597,2.645,-66.951,-13.780,77.561
1751285208607,2025-06-30T15:06:48.607,2.655,-64.146,-18.110,81.159
1751285208618,2025-06-30T15:06:48.618,2.666,-61.159,-24.634,84.634
1751285208626,2025-06-30T15:06:48.626,2.674,-57.500,-31.341,87.622
1751285208637,2025-06-30T15:06:48.637,2.685,-53.537,-39.634,89.085
1751285208647,2025-06-30T15:06:48.647,2.695,-48.049,-44.634,89.146
1751285208657,2025-06-30T15:06:48.657,2.705,-40.122,-40.610,88.049
1751285208666,2025-06-30T15:06:48.666,2.714,-31.768,-29.329,84.024
1751285208676,2025-06-30T15:06:48.676,2.724,-23.171,-16.524,77.988
1751285208687,2025-06-30T15:06:48.687,2.735,-15.610,-3.415,71.890
1751285208697,2025-06-30T15:06:48.697,2.745,-8.780,10.976,65.915
1751285208707,2025-06-30T15:06:48.707,2.755,-3.171,25.549,59.451
1751285208716,2025-06-30T15:06:48.716,2.764,1.159,35.549,52.256
1751285208726,2025-06-30T15:06:48.726,2.774,4.207,37.317,46.159
1751285208736,2025-06-30T15:06:48.736,2.784,5.244,31.890,41.646
1751285208747,2025-06-30T15:06:48.747,2.795,4.756,24.146,38.659
1751285208757,2025-06-30T15:06:48.757,2.805,4.695,15.549,36.768
1751285208766,2025-06-30T15:06:48.766,2.814,4.146,5.122,35.061
1751285208776,2025-06-30T15:06:48.776,2.824,3.171,-5.183,33.476
1751285208786,2025-06-30T15:06:48.786,2.834,2.866,-11.951,31.341
1751285208796,2025-06-30T15:06:48.796,2.844,2.561,-13.841,28.110
1751285208807,2025-06-30T15:06:48.807,2.855,2.683,-11.951,24.451
1751285208815,2025-06-30T15:06:48.815,2.863,3.659,-7.927,21.280
1751285208826,2025-06-30T15:06:48.826,2.874,4.939,-3.110,18.354
1751285208836,2025-06-30T15:06:48.836,2.884,6.341,0.793,15.549
1751285208846,2025-06-30T15:06:48.846,2.894,7.500,3.049,13.476
1751285208856,2025-06-30T15:06:48.856,2.904,7.927,5.061,12.378
1751285208865,2025-06-30T15:06:48.865,2.913,8.110,7.744,11.768
1751285208875,2025-06-30T15:06:48.875,2.923,7.927,9.756,11.402
1751285208886,2025-06-30T15:06:48.886,2.934,7.561,10.061,11.463
1751285208896,2025-06-30T15:06:48.896,2.944,7.256,9.085,11.707
1751285208905,2025-06-30T15:06:48.905,2.953,7.012,7.317,11.707
1751285208915,2025-06-30T15:06:48.915,2.963,6.768,5.061,11.524
1751285208925,2025-06-30T15:06:48.925,2.973,6.585,2.683,11.159
1751285208936,2025-06-30T15:06:48.936,2.984,6.341,0.061,10.793
1751285208946,2025-06-30T15:06:48.946,2.994,6.098,-2.256,10.305
1751285208955,2025-06-30T15:06:48.955,3.003,6.159,-4.207,9.939
1751285208965,2025-06-30T15:06:48.965,3.013,6.341,-6.707,9.634
1751285208975,2025-06-30T15:06:48.975,3.023,7.012,-9.939,9.634
1751285208985,2025-06-30T15:06:48.985,3.033,7.927,-13.171,9.512
1751285208996,2025-06-30T15:06:48.996,3.044,9.817,-15.976,9.024
1751285209004,2025-06-30T15:06:49.004,3.052,12.439,-17.561,8.780
1751285209015,2025-06-30T15:06:49.015,3.063,15.549,-18.902,8.841
1751285209025,2025-06-30T15:06:49.025,3.073,18.415,-20.305,8.780
1751285209035,2025-06-30T15:06:49.035,3.083,21.341,-20.122,9.939
1751285209045,2025-06-30T15:06:49.045,3.093,25.000,-18.110,12.073
1751285209054,2025-06-30T15:06:49.054,3.102,29.024,-15.732,13.537
1751285209064,2025-06-30T15:06:49.064,3.112,33.415,-11.951,14.878
1751285209075,2025-06-30T15:06:49.075,3.123,38.598,-7.134,16.037
1751285209085,2025-06-30T15:06:49.085,3.133,43.110,-3.049,15.366
1751285209094,2025-06-30T15:06:49.094,3.142,46.829,0.000,13.720
1751285209104,2025-06-30T15:06:49.104,3.152,49.817,0.732,11.951
1751285209114,2025-06-30T15:06:49.114,3.162,51.890,-1.707,9.573
1751285209124,2025-06-30T15:06:49.124,3.172,53.598,-5.183,7.317
1751285209135,2025-06-30T15:06:49.135,3.183,55.671,-7.439,5.000
1751285209144,2025-06-30T15:06:49.144,3.192,57.927,-7.134,1.646
1751285209154,2025-06-30T15:06:49.154,3.202,59.634,-6.037,-1.646
1751285209164,2025-06-30T15:06:49.164,3.212,60.915,-7.378,-4.817
1751285209174,2025-06-30T15:06:49.174,3.222,61.159,-11.524,-8.902
1751285209185,2025-06-30T15:06:49.185,3.233,59.939,-15.732,-13.354
1751285209193,2025-06-30T15:06:49.193,3.241,58.476,-17.500,-17.805
1751285209204,2025-06-30T15:06:49.204,3.252,57.378,-17.866,-23.171
1751285209214,2025-06-30T15:06:49.214,3.262,56.585,-16.646,-29.085
1751285209224,2025-06-30T15:06:49.224,3.272,55.976,-15.671,-34.329
1751285209234,2025-06-30T15:06:49.234,3.282,55.854,-15.244,-38.780
1751285209243,2025-06-30T15:06:49.243,3.291,55.244,-14.207,-42.378
1751285209253,2025-06-30T15:06:49.253,3.301,54.024,-10.549,-45.183
1751285209264,2025-06-30T15:06:49.264,3.312,52.561,-4.878,-48.232
1751285209274,2025-06-30T15:06:49.274,3.322,50.427,-0.549,-52.134
1751285209283,2025-06-30T15:06:49.283,3.331,46.768,-0.854,-57.134
1751285209293,2025-06-30T15:06:49.293,3.341,42.622,-4.939,-62.683
1751285209303,2025-06-30T15:06:49.303,3.351,38.659,-9.268,-68.293
1751285209313,2025-06-30T15:06:49.313,3.361,34.390,-11.707,-73.659
1751285209324,2025-06-30T15:06:49.324,3.372,30.122,-12.317,-77.927
1751285209333,2025-06-30T15:06:49.333,3.381,26.159,-11.707,-80.854
1751285209343,2025-06-30T15:06:49.343,3.391,21.524,-11.098,-83.049
1751285209353,2025-06-30T15:06:49.353,3.401,16.280,-10.366,-84.695
1751285209363,2025-06-30T15:06:49.363,3.411,10.732,-9.146,-86.341
1751285209374,2025-06-30T15:06:49.374,3.422,5.549,-8.049,-87.622
1751285209382,2025-06-30T15:06:49.382,3.430,-0.366,-8.110,-88.354
1751285209393,2025-06-30T15:06:49.393,3.441,-5.976,-10.610,-87.927
1751285209403,2025-06-30T15:06:49.403,3.451,-11.707,-13.963,-86.402
1751285209413,2025-06-30T15:06:49.413,3.461,-17.195,-17.378,-84.085
1751285209423,2025-06-30T15:06:49.423,3.471,-22.256,-19.024,-80.427
1751285209432,2025-06-30T15:06:49.432,3.480,-26.951,-18.476,-75.854
1751285209442,2025-06-30T15:06:49.442,3.490,-31.890,-14.817,-70.671
1751285209453,2025-06-30T15:06:49.453,3.501,-36.280,-9.207,-64.573
1751285209463,2025-06-30T15:06:49.463,3.511,-39.878,-3.415,-57.317
1751285209472,2025-06-30T15:06:49.472,3.520,-43.415,0.549,-49.634
1751285209482,2025-06-30T15:06:49.482,3.530,-47.317,1.220,-41.280
1751285209492,2025-06-30T15:06:49.492,3.540,-51.524,-0.610,-33.110
1751285209502,2025-06-30T15:06:49.502,3.550,-55.427,-2.439,-24.695
1751285209513,2025-06-30T15:06:49.513,3.561,-59.451,-3.110,-16.037
1751285209521,2025-06-30T15:06:49.521,3.569,-62.744,-3.293,-7.317
1751285209532,2025-06-30T15:06:49.532,3.580,-65.305,-2.866,1.402
1751285209542,2025-06-30T15:06:49.542,3.590,-67.317,-2.927,9.939
1751285209552,2025-06-30T15:06:49.552,3.600,-68.841,-3.902,17.805
1751285209562,2025-06-30T15:06:49.562,3.610,-69.939,-4.451,25.183
1751285209571,2025-06-30T15:06:49.571,3.619,-70.427,-5.183,32.744
1751285209582,2025-06-30T15:06:49.582,3.630,-70.427,-5.793,39.939
1751285209592,2025-06-30T15:06:49.592,3.640,-69.451,-4.939,46.585
1751285209602,2025-06-30T15:06:49.602,3.650,-68.171,-3.171,52.744
1751285209612,2025-06-30T15:06:49.612,3.660,-66.220,-1.341,58.232
1751285209621,2025-06-30T15:06:49.621,3.669,-64.085,-1.402,63.354
1751285209631,2025-06-30T15:06:49.631,3.679,-62.012,-4.207,67.134
1751285209642,2025-06-30T15:06:49.642,3.690,-59.878,-9.390,69.146
1751285209652,2025-06-30T15:06:49.652,3.700,-57.073,-15.854,70.000
1751285209662,2025-06-30T15:06:49.662,3.710,-52.988,-20.915,70.427
1751285209671,2025-06-30T15:06:49.671,3.719,-47.378,-21.463,69.024
1751285209681,2025-06-30T15:06:49.681,3.729,-40.427,-16.159,66.159
1751285209691,2025-06-30T15:06:49.691,3.739,-34.085,-7.744,61.829
1751285209702,2025-06-30T15:06:49.702,3.750,-28.049,1.220,55.976
1751285209710,2025-06-30T15:06:49.710,3.758,-22.195,8.537,50.061
1751285209721,2025-06-30T15:06:49.721,3.769,-17.195,12.866,44.085
1751285209731,2025-06-30T15:06:49.731,3.779,-13.598,16.341,39.024
1751285209741,2025-06-30T15:06:49.741,3.789,-11.341,19.207,34.817
1751285209751,2025-06-30T15:06:49.751,3.799,-9.573,19.939,31.220
1751285209760,2025-06-30T15:06:49.760,3.808,-8.049,15.732,29.329
1751285209770,2025-06-30T15:06:49.770,3.818,-7.073,9.512,30.122
1751285209781,2025-06-30T15:06:49.781,3.829,-6.280,3.537,30.854
1751285209791,2025-06-30T15:06:49.791,3.839,-5.549,-0.305,31.037
1751285209801,2025-06-30T15:06:49.801,3.849,-4.634,0.305,30.915
1751285209810,2025-06-30T15:06:49.810,3.858,-3.780,2.561,29.390
1751285209820,2025-06-30T15:06:49.820,3.868,-3.232,3.110,26.524
1751285209831,2025-06-30T15:06:49.831,3.879,-2.317,1.951,23.841
1751285209841,2025-06-30T15:06:49.841,3.889,-1.098,2.561,20.671
1751285209851,2025-06-30T15:06:49.851,3.899,0.549,5.305,17.256
1751285209860,2025-06-30T15:06:49.860,3.908,2.988,9.207,15.122
1751285209870,2025-06-30T15:06:49.870,3.918,5.427,12.866,13.841
1751285209880,2025-06-30T15:06:49.880,3.928,6.707,15.244,12.805
1751285209891,2025-06-30T15:06:49.891,3.939,6.890,17.073,12.805
1751285209899,2025-06-30T15:06:49.899,3.947,6.951,18.963,13.902
1751285209910,2025-06-30T15:06:49.910,3.958,6.341,18.720,14.939
1751285209920,2025-06-30T15:06:49.920,3.968,5.000,14.695,16.341
1751285209930,2025-06-30T15:06:49.930,3.978,3.659,7.988,18.110
1751285209940,2025-06-30T15:06:49.940,3.988,2.256,-0.183,19.329
1751285209949,2025-06-30T15:06:49.949,3.997,1.341,-8.598,20.244
1751285209959,2025-06-30T15:06:49.959,4.007,1.159,-14.268,21.220
1751285209970,2025-06-30T15:06:49.970,4.018,2.134,-16.829,21.829
1751285209980,2025-06-30T15:06:49.980,4.028,4.268,-17.439,22.561
1751285209990,2025-06-30T15:06:49.990,4.038,6.768,-16.707,23.232
1751285209999,2025-06-30T15:06:49.999,4.047,9.878,-15.976,23.720
1751285210009,2025-06-30T15:06:50.009,4.057,13.415,-15.000,24.451
1751285210020,2025-06-30T15:06:50.020,4.068,17.439,-12.561,25.366
1751285210030,2025-06-30T15:06:50.030,4.078,21.524,-10.061,26.037
1751285210040,2025-06-30T15:06:50.040,4.088,25.366,-7.683,26.585
1751285210049,2025-06-30T15:06:50.049,4.097,29.390,-5.000,27.195
1751285210059,2025-06-30T15:06:50.059,4.107,32.866,-2.683,27.683
1751285210069,2025-06-30T15:06:50.069,4.117,35.610,-1.037,28.110
1751285210080,2025-06-30T15:06:50.080,4.128,37.866,-0.366,27.805
1751285210088,2025-06-30T15:06:50.088,4.136,40.122,0.549,27.012
1751285210099,2025-06-30T15:06:50.099,4.147,42.134,0.915,26.037
1751285210109,2025-06-30T15:06:50.109,4.157,43.720,0.000,24.390
1751285210119,2025-06-30T15:06:50.119,4.167,44.512,-4.268,21.463
1751285210129,2025-06-30T15:06:50.129,4.177,45.488,-10.122,18.476
1751285210138,2025-06-30T15:06:50.138,4.186,46.768,-13.354,15.122
1751285210148,2025-06-30T15:06:50.148,4.196,48.049,-15.183,10.915
1751285210159,2025-06-30T15:06:50.159,4.207,49.573,-15.671,7.561
1751285210169,2025-06-30T15:06:50.169,4.217,51.463,-14.146,5.183
1751285210179,2025-06-30T15:06:50.179,4.227,53.415,-11.341,2.195
1751285210188,2025-06-30T15:06:50.188,4.236,55.061,-7.195,-1.159
1751285210198,2025-06-30T15:06:50.198,4.246,56.280,-1.890,-4.085
1751285210208,2025-06-30T15:06:50.208,4.256,57.317,2.927,-6.768
1751285210219,2025-06-30T15:06:50.219,4.267,57.561,5.061,-10.122
1751285210229,2025-06-30T15:06:50.229,4.277,57.012,4.024,-14.085
1751285210238,2025-06-30T15:06:50.238,4.286,55.671,2.012,-18.415
1751285210248,2025-06-30T15:06:50.248,4.296,54.268,-1.220,-23.902
1751285210258,2025-06-30T15:06:50.258,4.306,52.561,-5.000,-29.024
1751285210269,2025-06-30T15:06:50.269,4.317,51.524,-6.829,-33.110
1751285210279,2025-06-30T15:06:50.279,4.327,50.305,-6.707,-36.402
1751285210288,2025-06-30T15:06:50.288,4.336,49.390,-4.512,-39.390
1751285210298,2025-06-30T15:06:50.298,4.346,47.988,0.122,-42.439
1751285210308,2025-06-30T15:06:50.308,4.356,46.037,5.610,-45.427
1751285210318,2025-06-30T15:06:50.318,4.366,43.598,9.878,-48.476
1751285210327,2025-06-30T15:06:50.327,4.375,40.122,10.793,-51.280
1751285210337,2025-06-30T15:06:50.337,4.385,36.585,8.780,-53.598
1751285210348,2025-06-30T15:06:50.348,4.396,32.744,4.756,-55.427
1751285210358,2025-06-30T15:06:50.358,4.406,29.268,0.549,-56.768
1751285210368,2025-06-30T15:06:50.368,4.416,26.220,-1.585,-57.378
1751285210377,2025-06-30T15:06:50.377,4.425,24.085,0.915,-57.134
1751285210387,2025-06-30T15:06:50.387,4.435,22.195,6.280,-56.463
1751285210397,2025-06-30T15:06:50.397,4.445,20.305,13.232,-56.463
1751285210408,2025-06-30T15:06:50.408,4.456,17.744,20.122,-57.317
1751285210418,2025-06-30T15:06:50.418,4.466,14.207,23.841,-59.085
1751285210427,2025-06-30T15:06:50.427,4.475,9.817,23.537,-60.427
1751285210437,2025-06-30T15:06:50.437,4.485,4.390,20.183,-61.524
1751285210447,2025-06-30T15:06:50.447,4.495,-1.220,15.061,-63.049
1751285210458,2025-06-30T15:06:50.458,4.506,-6.280,8.476,-64.207
1751285210468,2025-06-30T15:06:50.468,4.516,-11.646,0.854,-64.268
1751285210477,2025-06-30T15:06:50.477,4.525,-16.890,-6.220,-62.988
1751285210487,2025-06-30T15:06:50.487,4.535,-21.646,-10.732,-60.488
1751285210497,2025-06-30T15:06:50.497,4.545,-25.610,-12.622,-56.890
1751285210507,2025-06-30T15:06:50.507,4.555,-29.390,-12.866,-52.622
1751285210516,2025-06-30T15:06:50.516,4.564,-33.293,-11.768,-47.805
1751285210526,2025-06-30T15:06:50.526,4.574,-37.195,-8.476,-42.683
1751285210537,2025-06-30T15:06:50.537,4.585,-40.610,-3.963,-37.378
1751285210547,2025-06-30T15:06:50.547,4.595,-44.024,-0.671,-31.768
1751285210557,2025-06-30T15:06:50.557,4.605,-47.866,0.000,-26.402
1751285210566,2025-06-30T15:06:50.566,4.614,-51.768,-1.402,-21.159
1751285210576,2025-06-30T15:06:50.576,4.624,-55.671,-4.634,-15.610
1751285210586,2025-06-30T15:06:50.586,4.634,-59.146,-8.537,-9.695
1751285210597,2025-06-30T15:06:50.597,4.645,-62.012,-11.646,-3.354
1751285210607,2025-06-30T15:06:50.607,4.655,-64.207,-13.902,3.354
1751285210616,2025-06-30T15:06:50.616,4.664,-65.915,-15.183,10.427
1751285210626,2025-06-30T15:06:50.626,4.674,-67.134,-15.366,17.378
1751285210636,2025-06-30T15:06:50.636,4.684,-67.927,-14.939,23.963
1751285210646,2025-06-30T15:06:50.646,4.694,-68.293,-14.756,30.366
1751285210657,2025-06-30T15:06:50.657,4.705,-68.659,-16.280,36.829
1751285210666,2025-06-30T15:06:50.666,4.714,-68.963,-20.122,43.354
1751285210676,2025-06-30T15:06:50.676,4.724,-68.902,-25.488,49.817
1751285210686,2025-06-30T15:06:50.686,4.734,-68.598,-30.610,55.732
1751285210696,2025-06-30T15:06:50.696,4.744,-67.195,-34.207,61.341
1751285210705,2025-06-30T15:06:50.705,4.753,-64.939,-37.500,65.488
1751285210715,2025-06-30T15:06:50.715,4.763,-62.500,-40.732,67.561
1751285210726,2025-06-30T15:06:50.726,4.774,-58.659,-42.012,69.695
1751285210736,2025-06-30T15:06:50.736,4.784,-54.390,-40.793,70.305
1751285210746,2025-06-30T15:06:50.746,4.794,-49.390,-37.012,69.268
1751285210755,2025-06-30T15:06:50.755,4.803,-43.110,-31.768,67.500
1751285210765,2025-06-30T15:06:50.765,4.813,-36.829,-25.915,63.902
1751285210775,2025-06-30T15:06:50.775,4.823,-30.427,-19.451,59.085
1751285210786,2025-06-30T15:06:50.786,4.834,-24.634,-11.768,53.476
1751285210796,2025-06-30T15:06:50.796,4.844,-18.720,-3.841,48.049
1751285210805,2025-06-30T15:06:50.805,4.853,-13.720,2.439,43.171
1751285210815,2025-06-30T15:06:50.815,4.863,-9.512,4.207,39.329
1751285210825,2025-06-30T15:06:50.825,4.873,-6.524,3.049,36.951
1751285210835,2025-06-30T15:06:50.835,4.883,-4.085,0.854,36.037
1751285210846,2025-06-30T15:06:50.846,4.894,-1.768,-2.744,35.610
1751285210854,2025-06-30T15:06:50.854,4.902,0.366,-5.976,35.000
1751285210865,2025-06-30T15:06:50.865,4.913,2.073,-4.756,34.085
1751285210875,2025-06-30T15:06:50.875,4.923,3.963,0.732,32.988
1751285210885,2025-06-30T15:06:50.885,4.933,6.037,6.707,31.585
1751285210894,2025-06-30T15:06:50.894,4.942,7.256,9.207,29.207
1751285210904,2025-06-30T15:06:50.904,4.952,8.049,8.537,26.402
1751285210915,2025-06-30T15:06:50.915,4.963,8.659,8.598,24.085
1751285210925,2025-06-30T15:06:50.925,4.973,8.537,8.232,21.280
1751285210935,2025-06-30T15:06:50.935,4.983,8.537,6.646,19.085
1751285210944,2025-06-30T15:06:50.944,4.992,8.720,5.000,17.927
1751285210954,2025-06-30T15:06:50.954,5.002,8.963,3.780,16.890
1751285210964,2025-06-30T15:06:50.964,5.012,9.207,3.171,16.646
1751285210975,2025-06-30T15:06:50.975,5.023,9.451,3.171,16.707
1751285210985,2025-06-30T15:06:50.985,5.033,9.573,2.988,16.951
1751285210994,2025-06-30T15:06:50.994,5.042,9.329,2.500,17.439
1751285211004,2025-06-30T15:06:51.004,5.052,9.024,2.805,17.622
1751285211014,2025-06-30T15:06:51.014,5.062,8.476,3.049,17.378
1751285211024,2025-06-30T15:06:51.024,5.072,7.927,2.500,17.378
1751285211035,2025-06-30T15:06:51.035,5.083,7.195,1.220,17.622
1751285211043,2025-06-30T15:06:51.043,5.091,6.646,0.000,18.049
1751285211054,2025-06-30T15:06:51.054,5.102,5.610,-1.402,18.293
1751285211064,2025-06-30T15:06:51.064,5.112,4.756,-4.085,19.207
1751285211074,2025-06-30T15:06:51.074,5.122,2.927,-8.537,20.915
1751285211084,2025-06-30T15:06:51.084,5.132,0.244,-15.549,23.780
1751285211093,2025-06-30T15:06:51.093,5.141,-2.500,-25.305,28.537
1751285211104,2025-06-30T15:06:51.104,5.152,-4.939,-34.451,34.268
1751285211114,2025-06-30T15:06:51.114,5.162,-7.988,-45.122,39.390
1751285211124,2025-06-30T15:06:51.124,5.172,-11.280,-56.768,44.939
1751285211133,2025-06-30T15:06:51.133,5.181,-14.146,-67.439,51.951
1751285211143,2025-06-30T15:06:51.143,5.191,-15.427,-74.695,60.366
1751285211153,2025-06-30T15:06:51.153,5.201,-14.390,-77.744,69.512
1751285211164,2025-06-30T15:06:51.164,5.212,-12.683,-72.317,77.561
1751285211174,2025-06-30T15:06:51.174,5.222,-9.756,-56.159,83.841
1751285211183,2025-06-30T15:06:51.183,5.231,-5.915,-33.902,86.524
1751285211193,2025-06-30T15:06:51.193,5.241,-1.341,-12.073,85.976
1751285211203,2025-06-30T15:06:51.203,5.251,0.549,4.451,84.207
1751285211213,2025-06-30T15:06:51.213,5.261,2.195,13.476,78.110
1751285211224,2025-06-30T15:06:51.224,5.272,6.280,18.598,68.720
1751285211232,2025-06-30T15:06:51.232,5.280,5.427,24.634,59.024
1751285211243,2025-06-30T15:06:51.243,5.291,9.390,25.976,50.427
1751285211253,2025-06-30T15:06:51.253,5.301,17.195,14.085,46.037
1751285211263,2025-06-30T15:06:51.263,5.311,24.268,-6.341,41.585
1751285211273,2025-06-30T15:06:51.273,5.321,30.610,-23.049,31.524
1751285211282,2025-06-30T15:06:51.282,5.330,39.085,-26.646,21.463
1751285211292,2025-06-30T15:06:51.292,5.340,50.427,-22.012,14.085
1751285211303,2025-06-30T15:06:51.303,5.351,60.000,-21.585,6.220
1751285211313,2025-06-30T15:06:51.313,5.361,67.744,-34.390,-3.110
1751285211322,2025-06-30T15:06:51.322,5.370,75.122,-53.415,-11.890
1751285211332,2025-06-30T15:06:51.332,5.380,84.573,-71.829,-20.244
1751285211342,2025-06-30T15:06:51.342,5.390,92.805,-84.634,-29.268
1751285211353,2025-06-30T15:06:51.353,5.401,100.061,-83.963,-37.988
1751285211363,2025-06-30T15:06:51.363,5.411,105.732,-75.244,-46.402
1751285211372,2025-06-30T15:06:51.372,5.420,109.817,-70.854,-54.817
1751285211382,2025-06-30T15:06:51.382,5.430,115.122,-78.537,-62.683
1751285211392,2025-06-30T15:06:51.392,5.440,107.256,-107.500,-73.537
1751285211402,2025-06-30T15:06:51.402,5.450,-8.476,-175.427,-84.939
1751285211413,2025-06-30T15:06:51.413,5.461,-141.585,-173.049,-22.561
1751285211421,2025-06-30T15:06:51.421,5.469,-204.878,-247.317,40.549
1751285211432,2025-06-30T15:06:51.432,5.480,-169.817,-203.598,-1.829
1751285211442,2025-06-30T15:06:51.442,5.490,-97.378,-89.146,14.390
1751285211452,2025-06-30T15:06:51.452,5.500,-67.744,-1.890,-6.951
1751285211462,2025-06-30T15:06:51.462,5.510,-50.732,-22.927,-20.122
1751285211471,2025-06-30T15:06:51.471,5.519,-49.573,-105.854,2.805
1751285211481,2025-06-30T15:06:51.481,5.529,-49.146,-128.354,6.890
1751285211492,2025-06-30T15:06:51.492,5.540,-35.427,-84.146,6.707
1751285211502,2025-06-30T15:06:51.502,5.550,-13.110,-69.085,12.500
1751285211511,2025-06-30T15:06:51.511,5.559,-3.963,-66.037,7.012
1751285211521,2025-06-30T15:06:51.521,5.569,-0.671,-30.061,-1.585
1751285211531,2025-06-30T15:06:51.531,5.579,6.524,5.488,-1.707
1751285211541,2025-06-30T15:06:51.541,5.589,7.439,16.768,0.793
1751285211552,2025-06-30T15:06:51.552,5.600,4.146,25.549,-5.915
1751285211561,2025-06-30T15:06:51.561,5.609,6.646,40.366,-15.732
1751285211571,2025-06-30T15:06:51.571,5.619,9.146,38.171,-14.390
1751285211581,2025-06-30T15:06:51.581,5.629,3.598,21.951,-10.549
1751285211591,2025-06-30T15:06:51.591,5.639,-1.768,19.207,-16.341
1751285211602,2025-06-30T15:06:51.602,5.650,-2.134,17.988,-18.659
1751285211610,2025-06-30T15:06:51.610,5.658,-4.146,7.378,-13.476
1751285211621,2025-06-30T15:06:51.621,5.669,-8.598,6.524,-15.061
1751285211631,2025-06-30T15:06:51.631,5.679,-9.573,15.244,-18.049
1751285211641,2025-06-30T15:06:51.641,5.689,-9.817,13.171,-13.415
1751285211651,2025-06-30T15:06:51.651,5.699,-13.963,8.110,-11.463
1751285211660,2025-06-30T15:06:51.660,5.708,-15.549,10.854,-13.659
1751285211670,2025-06-30T15:06:51.670,5.718,-15.366,8.232,-10.427
1751285211681,2025-06-30T15:06:51.681,5.729,-17.073,-1.463,-5.854
1751285211691,2025-06-30T15:06:51.691,5.739,-19.024,-5.305,-7.317
1751285211700,2025-06-30T15:06:51.700,5.748,-19.512,-9.329,-6.829
1751285211710,2025-06-30T15:06:51.710,5.758,-20.427,-19.634,-4.146
1751285211720,2025-06-30T15:06:51.720,5.768,-20.793,-22.805,-5.000
1751285211730,2025-06-30T15:06:51.730,5.778,-19.329,-22.378,-4.817
1751285211741,2025-06-30T15:06:51.741,5.789,-17.378,-25.244,-2.561
1751285211749,2025-06-30T15:06:51.749,5.797,-15.549,-25.915,-2.256
1751285211760,2025-06-30T15:06:51.760,5.808,-13.110,-22.927,-2.988
1751285211770,2025-06-30T15:06:51.770,5.818,-11.768,-20.427,-2.805
1751285211780,2025-06-30T15:06:51.780,5.828,-9.939,-17.317,-1.951
1751285211791,2025-06-30T15:06:51.791,5.839,-7.378,-15.000,-0.976
1751285211799,2025-06-30T15:06:51.799,5.847,-4.817,-13.537,-0.854
1751285211810,2025-06-30T15:06:51.810,5.858,-2.988,-11.524,-0.976
1751285211820,2025-06-30T15:06:51.820,5.868,-1.341,-11.646,-0.427
1751285211830,2025-06-30T15:06:51.830,5.878,-0.061,-13.049,-0.854
1751285211840,2025-06-30T15:06:51.840,5.888,0.610,-12.378,-2.866
1751285211849,2025-06-30T15:06:51.849,5.897,1.829,-12.439,-3.720
1751285211859,2025-06-30T15:06:51.859,5.907,2.866,-14.146,-4.146
1751285211870,2025-06-30T15:06:51.870,5.918,3.354,-12.561,-5.732
1751285211880,2025-06-30T15:06:51.880,5.928,4.268,-10.061,-5.915
1751285211890,2025-06-30T15:06:51.890,5.938,4.329,-7.988,-5.061
1751285211899,2025-06-30T15:06:51.899,5.947,3.720,-5.549,-4.878
1751285211909,2025-06-30T15:06:51.909,5.957,3.110,-3.232,-4.390
1751285211919,2025-06-30T15:06:51.919,5.967,2.195,-1.341,-3.110
1751285211930,2025-06-30T15:06:51.930,5.978,1.037,0.488,-1.951
1751285211938,2025-06-30T15:06:51.938,5.986,-0.183,1.463,-1.280
1751285211949,2025-06-30T15:06:51.949,5.997,-1.159,1.341,-0.793
1751285211959,2025-06-30T15:06:51.959,6.007,-1.951,0.122,0.183
1751285211969,2025-06-30T15:06:51.969,6.017,-2.988,-0.549,0.671
1751285211979,2025-06-30T15:06:51.979,6.027,-3.659,-1.890,1.220
1751285211988,2025-06-30T15:06:51.988,6.036,-4.268,-3.049,1.463
1751285211999,2025-06-30T15:06:51.999,6.047,-5.427,-2.073,2.683
1751285212009,2025-06-30T15:06:52.009,6.057,-6.463,-1.707,4.329
1751285212019,2025-06-30T15:06:52.019,6.067,-8.110,-1.341,5.427
1751285212029,2025-06-30T15:06:52.029,6.077,-9.634,-0.366,6.585
1751285212038,2025-06-30T15:06:52.038,6.086,-10.976,0.793,7.561
1751285212048,2025-06-30T15:06:52.048,6.096,-12.622,2.378,8.476
1751285212059,2025-06-30T15:06:52.059,6.107,-14.329,4.207,9.756
1751285212069,2025-06-30T15:06:52.069,6.117,-16.402,5.915,10.549
1751285212079,2025-06-30T15:06:52.079,6.127,-18.293,6.098,10.915
1751285212088,2025-06-30T15:06:52.088,6.136,-19.512,-1.341,10.000
1751285212098,2025-06-30T15:06:52.098,6.146,-20.610,-9.146,5.915
1751285212108,2025-06-30T15:06:52.108,6.156,-20.549,-18.049,3.171
1751285212119,2025-06-30T15:06:52.119,6.167,-20.305,-25.915,1.098
1751285212127,2025-06-30T15:06:52.127,6.175,-19.268,-30.549,-2.134
1751285212138,2025-06-30T15:06:52.138,6.186,-17.378,-34.085,-4.512
1751285212148,2025-06-30T15:06:52.148,6.196,-15.610,-36.098,-5.732
1751285212158,2025-06-30T15:06:52.158,6.206,-14.390,-37.622,-6.585
1751285212168,2025-06-30T15:06:52.168,6.216,-13.902,-38.963,-6.890
1751285212177,2025-06-30T15:06:52.177,6.225,-13.841,-38.720,-6.707
1751285212187,2025-06-30T15:06:52.187,6.235,-13.354,-38.171,-6.768
1751285212198,2025-06-30T15:06:52.198,6.246,-13.476,-37.500,-6.707
1751285212208,2025-06-30T15:06:52.208,6.256,-12.744,-35.793,-5.671
1751285212218,2025-06-30T15:06:52.218,6.266,-12.195,-33.476,-5.061
1751285212227,2025-06-30T15:06:52.227,6.275,-11.646,-32.195,-4.268
1751285212237,2025-06-30T15:06:52.237,6.285,-10.854,-30.915,-3.110
1751285212248,2025-06-30T15:06:52.248,6.296,-9.695,-29.085,-2.256
1751285212258,2025-06-30T15:06:52.258,6.306,-8.963,-26.463,-1.707
1751285212268,2025-06-30T15:06:52.268,6.316,-7.805,-24.390,-0.793
1751285212277,2025-06-30T15:06:52.277,6.325,-6.890,-24.024,0.061
1751285212287,2025-06-30T15:06:52.287,6.335,-6.220,-23.902,0.427
1751285212297,2025-06-30T15:06:52.297,6.345,-5.549,-24.451,1.037
1751285212308,2025-06-30T15:06:52.308,6.356,-5.122,-24.817,1.159
1751285212316,2025-06-30T15:06:52.316,6.364,-4.634,-25.000,0.854
1751285212327,2025-06-30T15:06:52.327,6.375,-4.512,-25.854,0.305
1751285212337,2025-06-30T15:06:52.337,6.385,-4.268,-25.610,0.000
1751285212347,2025-06-30T15:06:52.347,6.395,-3.963,-22.317,0.183
1751285212357,2025-06-30T15:06:52.357,6.405,-3.537,-19.024,0.000
1751285212366,2025-06-30T15:06:52.366,6.414,-3.171,-17.439,0.183
1751285212376,2025-06-30T15:06:52.376,6.424,-3.110,-17.622,0.671
1751285212387,2025-06-30T15:06:52.387,6.435,-3.537,-18.780,0.305
1751285212397,2025-06-30T15:06:52.397,6.445,-3.354,-19.024,-0.549
1751285212407,2025-06-30T15:06:52.407,6.455,-2.866,-18.598,-0.915
1751285212416,2025-06-30T15:06:52.416,6.464,-2.439,-18.171,-0.793
1751285212426,2025-06-30T15:06:52.426,6.474,-2.378,-19.817,-1.159
1751285212437,2025-06-30T15:06:52.437,6.485,-1.890,-21.098,-1.463
1751285212447,2025-06-30T15:06:52.447,6.495,-1.646,-22.378,-1.341
1751285212457,2025-06-30T15:06:52.457,6.505,-1.585,-17.866,-1.341
1751285212466,2025-06-30T15:06:52.466,6.514,-0.915,-13.902,-1.220
1751285212476,2025-06-30T15:06:52.476,6.524,-0.610,-15.061,-0.793
1751285212486,2025-06-30T15:06:52.486,6.534,-1.098,-19.390,0.305
1751285212497,2025-06-30T15:06:52.497,6.545,-2.012,-21.524,1.037
1751285212507,2025-06-30T15:06:52.507,6.555,-1.707,-16.463,1.341
1751285212516,2025-06-30T15:06:52.516,6.564,-1.707,-12.378,2.073
1751285212526,2025-06-30T15:06:52.526,6.574,-1.829,-11.402,2.744
1751285212536,2025-06-30T15:06:52.536,6.584,-2.012,-13.049,3.049
1751285212546,2025-06-30T15:06:52.546,6.594,-2.500,-12.927,3.537
1751285212555,2025-06-30T15:06:52.555,6.603,-2.256,-11.768,3.537
1751285212565,2025-06-30T15:06:52.565,6.613,-2.439,-14.390,3.963
1751285212576,2025-06-30T15:06:52.576,6.624,-2.622,-14.817,3.720
1751285212586,2025-06-30T15:06:52.586,6.634,-2.744,-13.902,3.659
1751285212596,2025-06-30T15:06:52.596,6.644,-2.500,-15.000,4.512
1751285212605,2025-06-30T15:06:52.605,6.653,-2.561,-16.220,5.488
1751285212615,2025-06-30T15:06:52.615,6.663,-2.622,-14.268,6.890
1751285212625,2025-06-30T15:06:52.625,6.673,-2.561,-11.463,7.134
1751285212636,2025-06-30T15:06:52.636,6.684,-2.805,-10.000,7.866
1751285212646,2025-06-30T15:06:52.646,6.694,-2.988,-6.829,9.085
1751285212655,2025-06-30T15:06:52.655,6.703,-3.171,-3.720,10.305
1751285212665,2025-06-30T15:06:52.665,6.713,-2.805,-0.366,11.829
1751285212675,2025-06-30T15:06:52.675,6.723,-2.439,4.512,12.927
1751285212686,2025-06-30T15:06:52.686,6.734,-0.549,7.256,13.354
1751285212696,2025-06-30T15:06:52.696,6.744,0.427,9.695,15.061
1751285212705,2025-06-30T15:06:52.705,6.753,0.366,17.988,17.134
1751285212715,2025-06-30T15:06:52.715,6.763,5.366,15.244,13.415
1751285212725,2025-06-30T15:06:52.725,6.773,6.768,-1.768,7.866
1751285212735,2025-06-30T15:06:52.735,6.783,5.549,-6.646,11.159
1751285212744,2025-06-30T15:06:52.744,6.792,8.110,-4.024,25.061
1751285212754,2025-06-30T15:06:52.754,6.802,5.305,4.939,31.829
1751285212765,2025-06-30T15:06:52.765,6.813,5.305,12.622,29.207
1751285212775,2025-06-30T15:06:52.775,6.823,1.585,17.256,33.659
1751285212785,2025-06-30T15:06:52.785,6.833,3.720,28.171,35.915
1751285212794,2025-06-30T15:06:52.794,6.842,22.927,2.805,27.683
1751285212804,2025-06-30T15:06:52.804,6.852,54.085,-124.329,7.378
1751285212814,2025-06-30T15:06:52.814,6.862,69.085,-162.561,26.768
1751285212825,2025-06-30T15:06:52.825,6.873,-26.280,97.561,145.366
1751285212835,2025-06-30T15:06:52.835,6.883,37.500,140.305,91.341
1751285212844,2025-06-30T15:06:52.844,6.892,77.378,79.085,34.634
1751285212854,2025-06-30T15:06:52.854,6.902,34.512,-1.524,44.939
1751285212864,2025-06-30T15:06:52.864,6.912,-21.646,43.963,58.110
1751285212874,2025-06-30T15:06:52.874,6.922,7.439,0.122,78.415
1751285212885,2025-06-30T15:06:52.885,6.933,23.049,-155.000,110.305
1751285212894,2025-06-30T15:06:52.894,6.942,-23.659,-213.232,140.183
1751285212904,2025-06-30T15:06:52.904,6.952,-48.354,-183.049,151.220
1751285212914,2025-06-30T15:06:52.914,6.962,-19.512,-106.829,144.512
1751285212924,2025-06-30T15:06:52.924,6.972,-7.378,-48.963,150.732
1751285212933,2025-06-30T15:06:52.933,6.981,-17.622,-41.402,163.780
1751285212943,2025-06-30T15:06:52.943,6.991,-24.146,-57.805,175.488
1751285212954,2025-06-30T15:06:52.954,7.002,-25.244,-72.622,186.768
1751285212964,2025-06-30T15:06:52.964,7.012,-24.024,-76.890,199.207
1751285212974,2025-06-30T15:06:52.974,7.022,-20.427,-76.463,210.366
1751285212983,2025-06-30T15:06:52.983,7.031,-17.073,-82.561,217.500
1751285212993,2025-06-30T15:06:52.993,7.041,-14.634,-98.110,222.988
1751285213003,2025-06-30T15:06:53.003,7.051,-10.366,-113.902,230.610
1751285213014,2025-06-30T15:06:53.014,7.062,-4.329,-121.646,237.195
1751285213024,2025-06-30T15:06:53.024,7.072,2.561,-123.963,240.122
1751285213033,2025-06-30T15:06:53.033,7.081,7.988,-124.512,239.695
1751285213043,2025-06-30T15:06:53.043,7.091,12.195,-125.915,238.171
1751285213053,2025-06-30T15:06:53.053,7.101,16.585,-132.439,237.134
1751285213063,2025-06-30T15:06:53.063,7.111,21.707,-143.476,237.561
1751285213074,2025-06-30T15:06:53.074,7.122,26.768,-157.195,236.280
1751285213083,2025-06-30T15:06:53.083,7.131,31.341,-175.000,232.744
1751285213093,2025-06-30T15:06:53.093,7.141,34.268,-190.244,228.720
1751285213103,2025-06-30T15:06:53.103,7.151,36.524,-197.744,224.146
1751285213113,2025-06-30T15:06:53.113,7.161,39.878,-196.646,217.683
1751285213122,2025-06-30T15:06:53.122,7.170,43.354,-192.439,207.622
1751285213132,2025-06-30T15:06:53.132,7.180,45.732,-191.585,196.585
1751285213143,2025-06-30T15:06:53.143,7.191,47.866,-195.305,188.293
1751285213153,2025-06-30T15:06:53.153,7.201,49.878,-200.732,181.402
1751285213163,2025-06-30T15:06:53.163,7.211,50.488,-203.659,173.963
1751285213172,2025-06-30T15:06:53.172,7.220,51.341,-199.878,164.695
1751285213182,2025-06-30T15:06:53.182,7.230,52.866,-193.902,152.500
1751285213192,2025-06-30T15:06:53.192,7.240,51.829,-188.720,141.524
1751285213203,2025-06-30T15:06:53.203,7.251,48.049,-183.110,133.537
1751285213213,2025-06-30T15:06:53.213,7.261,42.561,-174.146,127.256
1751285213222,2025-06-30T15:06:53.222,7.270,36.829,-162.378,119.268
1751285213232,2025-06-30T15:06:53.232,7.280,29.695,-154.634,109.939
1751285213242,2025-06-30T15:06:53.242,7.290,21.524,-147.256,102.195
1751285213252,2025-06-30T15:06:53.252,7.300,14.268,-140.915,92.866
1751285213263,2025-06-30T15:06:53.263,7.311,7.622,-137.256,84.207
1751285213271,2025-06-30T15:06:53.271,7.319,2.439,-134.390,77.012
1751285213282,2025-06-30T15:06:53.282,7.330,-1.098,-130.793,69.268
1751285213292,2025-06-30T15:06:53.292,7.340,-3.293,-123.232,62.012
1751285213302,2025-06-30T15:06:53.302,7.350,-6.037,-111.646,51.829
1751285213312,2025-06-30T15:06:53.312,7.360,-8.415,-100.122,40.549
1751285213321,2025-06-30T15:06:53.321,7.369,-10.671,-95.305,32.378
1751285213332,2025-06-30T15:06:53.332,7.380,-14.024,-91.768,26.098
1751285213342,2025-06-30T15:06:53.342,7.390,-16.890,-86.037,19.329
1751285213352,2025-06-30T15:06:53.352,7.400,-18.902,-79.756,15.061
1751285213361,2025-06-30T15:06:53.361,7.409,-20.000,-74.512,12.927
1751285213371,2025-06-30T15:06:53.371,7.419,-20.305,-71.829,11.159
1751285213381,2025-06-30T15:06:53.381,7.429,-19.207,-67.012,11.159
1751285213392,2025-06-30T15:06:53.392,7.440,-15.976,-62.073,10.183
1751285213402,2025-06-30T15:06:53.402,7.450,-11.951,-60.122,7.866
1751285213411,2025-06-30T15:06:53.411,7.459,-9.817,-62.988,5.183
1751285213421,2025-06-30T15:06:53.421,7.469,-9.390,-67.500,3.537
1751285213431,2025-06-30T15:06:53.431,7.479,-8.598,-68.659,2.256
1751285213441,2025-06-30T15:06:53.441,7.489,-7.317,-63.049,0.427
1751285213452,2025-06-30T15:06:53.452,7.500,-6.159,-55.610,-2.866
1751285213460,2025-06-30T15:06:53.460,7.508,-5.183,-52.927,-5.122
1751285213471,2025-06-30T15:06:53.471,7.519,-5.122,-55.183,-5.854
1751285213481,2025-06-30T15:06:53.481,7.529,-5.305,-57.134,-8.049
1751285213491,2025-06-30T15:06:53.491,7.539,-5.244,-56.768,-10.488
1751285213500,2025-06-30T15:06:53.500,7.548,-4.207,-51.951,-9.512
1751285213510,2025-06-30T15:06:53.510,7.558,-2.195,-46.951,-8.110
1751285213520,2025-06-30T15:06:53.520,7.568,0.244,-43.841,-6.463
1751285213531,2025-06-30T15:06:53.531,7.579,1.951,-41.463,-4.634
1751285213541,2025-06-30T15:06:53.541,7.589,3.232,-40.915,-3.415
1751285213550,2025-06-30T15:06:53.550,7.598,4.878,-41.280,-0.854
1751285213560,2025-06-30T15:06:53.560,7.608,6.220,-40.732,1.098
1751285213570,2025-06-30T15:06:53.570,7.618,7.378,-37.317,2.622
1751285213581,2025-06-30T15:06:53.581,7.629,9.146,-30.793,3.902
1751285213591,2025-06-30T15:06:53.591,7.639,10.610,-23.110,5.000
1751285213600,2025-06-30T15:06:53.600,7.648,11.585,-13.963,4.573
1751285213610,2025-06-30T15:06:53.610,7.658,12.256,-6.707,3.476
1751285213620,2025-06-30T15:06:53.620,7.668,12.805,-3.171,3.537
1751285213630,2025-06-30T15:06:53.630,7.678,12.500,-4.390,3.293
1751285213641,2025-06-30T15:06:53.641,7.689,11.159,-8.720,2.439
1751285213649,2025-06-30T15:06:53.649,7.697,9.451,-11.768,1.280
1751285213660,2025-06-30T15:06:53.660,7.708,7.988,-12.805,0.976
1751285213670,2025-06-30T15:06:53.670,7.718,7.073,-11.646,1.037
1751285213680,2025-06-30T15:06:53.680,7.728,6.159,-8.902,0.610
1751285213690,2025-06-30T15:06:53.690,7.738,5.854,-6.829,1.890
1751285213699,2025-06-30T15:06:53.699,7.747,5.915,-4.573,3.415
1751285213709,2025-06-30T15:06:53.709,7.757,5.305,-1.220,4.329
1751285213720,2025-06-30T15:06:53.720,7.768,4.573,0.793,5.427
1751285213730,2025-06-30T15:06:53.730,7.778,3.049,-1.037,7.317
1751285213739,2025-06-30T15:06:53.739,7.787,0.976,-4.146,9.573
1751285213749,2025-06-30T15:06:53.749,7.797,-0.732,-6.646,11.524
1751285213759,2025-06-30T15:06:53.759,7.807,-1.463,-8.110,12.134
1751285213770,2025-06-30T15:06:53.770,7.818,-1.402,-7.744,12.622
1751285213780,2025-06-30T15:06:53.780,7.828,-0.549,-6.585,12.073
1751285213789,2025-06-30T15:06:53.789,7.837,1.037,-4.512,11.037
1751285213799,2025-06-30T15:06:53.799,7.847,2.744,-2.195,9.939
1751285213809,2025-06-30T15:06:53.809,7.857,3.476,-2.317,7.622
1751285213819,2025-06-30T15:06:53.819,7.867,3.415,-5.061,5.549
1751285213830,2025-06-30T15:06:53.830,7.878,2.622,-9.329,3.963
1751285213838,2025-06-30T15:06:53.838,7.886,0.793,-15.549,2.439
1751285213849,2025-06-30T15:06:53.849,7.897,-0.915,-21.463,1.463
1751285213859,2025-06-30T15:06:53.859,7.907,-2.073,-25.610,1.524
1751285213869,2025-06-30T15:06:53.869,7.917,-2.317,-27.378,1.220
1751285213879,2025-06-30T15:06:53.879,7.927,-2.073,-27.073,1.220
1751285213888,2025-06-30T15:06:53.888,7.936,-2.012,-25.610,1.707
1751285213898,2025-06-30T15:06:53.898,7.946,-2.744,-23.293,1.463
1751285213909,2025-06-30T15:06:53.909,7.957,-3.354,-21.280,0.732
1751285213919,2025-06-30T15:06:53.919,7.967,-3.354,-19.512,1.037
1751285213928,2025-06-30T15:06:53.928,7.976,-3.841,-17.561,0.549
1751285213938,2025-06-30T15:06:53.938,7.986,-4.268,-16.220,-0.488
1751285213948,2025-06-30T15:06:53.948,7.996,-4.695,-15.488,-1.037
